<?xml version="1.0" encoding="utf-8" ?>
<Patch>

	<Operation Class="PatchOperationFindMod">
		<mods>
			<li>Ancient Rim - core</li>
		</mods>
		
		<match Class="PatchOperationSequence">
		<operations>
		
		<!-- Add CaS Resource Recipes -->
		
		<li Class="PatchOperationAdd">
			<xpath>/Defs</xpath>
			<value>
				<RecipeDef>
					<defName>RefineCopper</defName>
					<recipeUsers>
						<li>ElectricSmelter</li>
						<li>AR_Smelter</li>
					</recipeUsers>
					<label>Refine copper</label>
					<description>Refine copper for advanced use.</description>
					<jobString>Refining copper</jobString>
					<workAmount>50</workAmount>
					<workSpeedStat>SmeltingSpeed</workSpeedStat>
					<effectWorking>Smelt</effectWorking>
					<soundWorking>Recipe_Smelt</soundWorking>
					<researchPrerequisite>Clockwork</researchPrerequisite>
					<products>
						<CaS_Copper>15</CaS_Copper>
					</products>
					<ingredients>
						<li>
							<filter>
							<thingDefs>
							<li>AR_Copper</li>
							</thingDefs>
							</filter>
							<count>15</count>
						</li>
					</ingredients>
				</RecipeDef>
			</value>
		</li>
		
		<li Class="PatchOperationAdd">
			<xpath>/Defs</xpath>
			<value>
				<RecipeDef>
					<defName>RefineBronze</defName>
					<recipeUsers>
						<li>ElectricSmelter</li>
						<li>AR_Smelter</li>
					</recipeUsers>
					<label>Refine bronze</label>
					<description>Refine bronze for advanced use.</description>
					<jobString>Refining bronze</jobString>
					<workAmount>50</workAmount>
					<workSpeedStat>SmeltingSpeed</workSpeedStat>
					<effectWorking>Smelt</effectWorking>
					<soundWorking>Recipe_Smelt</soundWorking>
					<researchPrerequisite>Clockwork</researchPrerequisite>
					<products>
						<CaS_Copper>15</CaS_Copper>
					</products>
					<ingredients>
						<li>
							<filter>
							<thingDefs>
							<li>AR_Bronze</li>
							</thingDefs>
							</filter>
							<count>15</count>
						</li>
					</ingredients>
				</RecipeDef>
			</value>
		</li>
		
		<li Class="PatchOperationAdd">
			<xpath>/Defs/ThingDef[defName = "AR_Smelter"]/recipes</xpath>
			<value>
				<li>CastBrass</li>
				<li>CastBronze</li>
			</value>
		</li>
		
		<!-- Remove CaS Resources -->
	
		<li Class="PatchOperationRemove">
	    <xpath>/Defs/ThingDef[defName = "CaS_MineableCopper"]</xpath>
		</li>
		
		</operations>
		</match>
	</Operation>
	
	<!-- Integrate Coal -->
		
	<Operation Class="PatchOperationFindMod">
	<success>Always</success>
		<mods>
			<li>Medieval Times</li>
			<li>[WD] Simple Coal 1.0</li>
		</mods>
		<nomatch Class="PatchOperationAdd">
			<xpath>/Defs/ThingDef[defName = "AR_Smelter"]/comps/li[@Class = "CompProperties_Refuelable"]/fuelFilter/thingDefs</xpath>
			<value>
				 <li>CaS_Coal</li>
			</value>
		</nomatch>
	</Operation>

</Patch>
