<?xml version="1.0" encoding="utf-8" ?>
<Patch>

	<Operation Class="PatchOperationFindMod">
		<mods>
			<li>[WD] Simple Coal 1.0</li>
		</mods>
		
		<match Class="PatchOperationSequence">
		<operations>
		
		<!-- Integrate Coal -->
		
		<li Class="PatchOperationReplace">
			<xpath>/Defs/ThingDef[defName = "SteamBoiler"]/comps/li[@Class = "CompProperties_Refuelable"]/fuelFilter/thingDefs/li</xpath>
			<value>
				 <li>WDCoal</li>
			</value>
		</li>
		<li Class="PatchOperationReplace">
			<xpath>/Defs/ThingDef[defName = "CoalFiredGenerator"]/comps/li[@Class = "CompProperties_Refuelable"]/fuelFilter/thingDefs/li</xpath>
			<value>
				 <li>WDCoal</li>
			</value>
		</li>
		<li Class="PatchOperationReplace">
			<xpath>/Defs/ThingDef[defName = "Forge"]/comps/li[@Class = "CompProperties_Refuelable"]/fuelFilter/thingDefs/li</xpath>
			<value>
				 <li>WDCoal</li>
			</value>
		</li>
		
		<!-- Remove CaS Resources -->
	
		<li Class="PatchOperationRemove">
	    <xpath>/Defs/ThingDef[defName = "CaS_MineableCoal"]</xpath>
		</li>
		
		<li Class="PatchOperationRemove">
		<xpath>/Defs/ThingDef[defName = "CaS_Coal"]</xpath>
		</li>
		
		</operations>
		</match>
	</Operation>

</Patch>
