<?xml version="1.0" encoding="utf-8" ?>
<Patch>

	<Operation Class="PatchOperationFindMod">
		<mods>
			<li>[WD] Simple Coal</li>
			<li>Rimhammer - The End Times [1.1]</li>
			<li>Rimhammer - The End Times - WITH GUNS!! [1.1]</li>
			<li>[WD] Simple Coal 1.0</li>
			<li>Medieval Times Unofficial Update</li>
			<li>Coal Expanded</li>
		</mods>
		
		<match Class="PatchOperationSequence">
		<operations>
		
		<!-- Remove CaS Resources -->
	
		<li Class="PatchOperationRemove">
	    <xpath>/Defs/ThingDef[defName = "CaS_MineableCoal"]</xpath>
		</li>

		<li Class="PatchOperationReplace">
    	<xpath>/Defs/ThingDef[defName = "CaS_Coal"]/stuffProps/commonality</xpath>
   			<value>
       			<commonality>0</commonality>
    		</value>
		</li>

		<li Class="PatchOperationReplace">
    	<xpath>/Defs/ThingDef[defName = "CaS_Coal"]/deepCommonality</xpath>
   			<value>
       			<deepCommonality>0</deepCommonality>
    		</value>
		</li>

		<li Class="PatchOperationRemove">
    	<xpath>/Defs/ThingDef[defName = "CaS_Coal"]/deepLumpSizeRange</xpath>
		</li>
		
		</operations>
		</match>
	</Operation>

	<Operation Class="PatchOperationFindMod">
		<mods>
			<li>[WD] Simple Coal</li>
			<li>Rimhammer - The End Times [1.1]</li>
			<li>Rimhammer - The End Times - WITH GUNS!! [1.1]</li>
			<li>[WD] Simple Coal 1.0</li>
			<li>Medieval Times Unofficial Update</li>
			<li>Coal Expanded</li>
		</mods>

	<!-- Integrate Coal -->
		
		<nomatch Class="PatchOperationFindMod">
			<mods>
				<li>Ancient Rim - core</li>
			</mods>
			<match Class="PatchOperationSequence">
				<success>Always</success>
				<operations>
					<li Class="PatchOperationAdd">
						<xpath>/Defs/ThingDef[defName = "AR_Smelter"]/comps/li[@Class = "CompProperties_Refuelable"]/fuelFilter/thingDefs</xpath>
						<value>
							<li>CaS_Coal</li>
						</value>
					</li>
				</operations>
			</match>
		</nomatch>
	</Operation>

</Patch>