<?xml version="1.0" encoding="utf-8" ?>
<Patch>

	<Operation Class="PatchOperationFindMod">
		<mods>
			<li>Medieval Times Unofficial Update</li>
		</mods>
		
		<match Class="PatchOperationSequence">
		<operations>
		
		<!-- Add CaS Resource recipes -->
		
		
		<li Class="PatchOperationAdd">
			<xpath>/Defs/ThingDef[defName = "MedTimes_FueledSmelter"]/recipes</xpath>
			<value>
				<li>CastBrass</li>
				<li>CastBronze</li>
			</value>
		</li>
		
		<!-- Integrate Coal -->

		<li Class="PatchOperationAdd">
        <order>Append</order>
        <xpath> 
			Defs/ThingDef[defName = "SteamBoiler"]/comps/li[contains(@Class,'CompProperties_Refuelable')]/fuelFilter/thingDefs |
			Defs/ThingDef[defName = "CoalFiredGenerator"]/comps/li[contains(@Class,'CompProperties_Refuelable')]/fuelFilter/thingDefs |
			Defs/ThingDef[defName = "Forge"]/comps/li[contains(@Class,'CompProperties_Refuelable')]/fuelFilter/thingDefs
		</xpath>
        <value>
            <li>MedTimes_Resource_Coal</li>
        </value>
    	</li>
		
		<!-- Remove CaS Resources -->
		
		</operations>
		</match>
	</Operation>

</Patch>
