<?xml version="1.0" encoding="utf-8" ?>
<Patch>

	<Operation Class="PatchOperationFindMod">
		<mods>
			<li>[WD] Simple Coal</li>
		</mods>
		
		<match Class="PatchOperationSequence">
		<operations>
		
		<!-- Integrate Coal -->
		
		<li Class="PatchOperationAdd">
        <order>Append</order>
        <xpath> 
			Defs/ThingDef[defName = "SteamBoiler"]/comps/li[contains(@Class,'CompProperties_Refuelable')]/fuelFilter/thingDefs |
			Defs/ThingDef[defName = "CoalFiredGenerator"]/comps/li[contains(@Class,'CompProperties_Refuelable')]/fuelFilter/thingDefs |
			Defs/ThingDef[defName = "Forge"]/comps/li[contains(@Class,'CompProperties_Refuelable')]/fuelFilter/thingDefs
		</xpath>
        <value>
            <li>WDCoal</li>
        </value>
    	</li>
		
		<!-- Remove CaS Resources -->
		
		</operations>
		</match>
	</Operation>

</Patch>
