<?xml version="1.0" encoding="utf-8" ?>
<Defs>

  <HediffDef Name="ClockworkBodyPartBase" Abstract="True">
    <hediffClass>Hediff_AddedPart</hediffClass>
    <defaultLabelColor>(200, 150, 10)</defaultLabelColor>
    <isBad>false</isBad>
  </HediffDef>
  
  <HediffDef Name="SteamworkBodyPartBase" Abstract="True">
    <hediffClass>Hediff_AddedPart</hediffClass>
    <defaultLabelColor>(250, 200, 50)</defaultLabelColor>
    <isBad>false</isBad>
  </HediffDef>
  
  <!--Clockwork-->
  
  <HediffDef ParentName="ClockworkBodyPartBase">
    <defName>JewelledEye</defName>
    <label>jewelled eye</label>
    <labelNoun>a jewelled eye</labelNoun>
    <description>A mechanical eye made from finely crafted mirrors, gemstone, and brass. It's best not to consider whose nerves were used in the neural apparatus.</description>
    <spawnThingOnRemoved>JewelledEye</spawnThingOnRemoved>
    <addedPartProps>
      <solid>true</solid>
      <partEfficiency>1.25</partEfficiency>
    </addedPartProps>
  </HediffDef>
  
  <HediffDef ParentName="ClockworkBodyPartBase">
    <defName>ClockworkArm</defName>
    <label>clockwork arm</label>
    <labelNoun>a clockwork arm</labelNoun>
    <description>A complex device of gears, springs, and brass rods. Due to its delicate nature, it is better at manupulation than a natural arm. It is, however, worse in melee combat.</description>
    <comps>
      <li Class="HediffCompProperties_VerbGiver">
        <tools>
          <li>
            <label>fist</label>
            <capacities>
              <li>Blunt</li>
            </capacities>
            <power>6</power>
            <cooldownTime>2</cooldownTime>
          </li>
        </tools>
      </li>
    </comps>
    <spawnThingOnRemoved>ClockworkArm</spawnThingOnRemoved>
    <addedPartProps>
      <solid>true</solid>
      <partEfficiency>1.10</partEfficiency>
      <betterThanNatural>true</betterThanNatural>
    </addedPartProps>
  </HediffDef>
  
    <HediffDef ParentName="ClockworkBodyPartBase">
    <defName>ClockworkLeg</defName>
    <label>clockwork leg</label>
    <labelNoun>a clockwork leg</labelNoun>
    <description>A delicate prosthesis contructed of brass and steel. The soft nature of the metals used makes it inferior to a natural leg. Perhaps it can be strengthened?</description>
    <spawnThingOnRemoved>ClockworkLeg</spawnThingOnRemoved>
    <addedPartProps>
      <solid>true</solid>
      <partEfficiency>0.7</partEfficiency>
      <betterThanNatural>false</betterThanNatural>
    </addedPartProps>
  </HediffDef>
  
    <HediffDef ParentName="ClockworkBodyPartBase">
    <defName>WatchmakerHand</defName>
    <label>watchmaker hand</label>
    <labelNoun>a watchmaker hand</labelNoun>
    <description>A mechanical hand designed purely to improve manupulation. The sharp implements in place of fingertips make it more dangerous than a natural hand in melee combat.</description>
    <comps>
      <li Class="HediffCompProperties_VerbGiver">
        <tools>
          <li>
            <label>claw</label>
            <capacities>
              <li>Scratch</li>
            </capacities>
            <power>8</power>
            <cooldownTime>2</cooldownTime>
          </li>
        </tools>
      </li>
    </comps>
    <spawnThingOnRemoved>WatchmakerHand</spawnThingOnRemoved>
    <addedPartProps>
      <solid>true</solid>
      <partEfficiency>1.25</partEfficiency>
      <betterThanNatural>true</betterThanNatural>
    </addedPartProps>
  </HediffDef>
  
  <HediffDef ParentName="ClockworkBodyPartBase">
    <defName>VertebralMechanism</defName>
    <label>vertebral mechanism</label>
    <labelNoun>a vertebral mechanism</labelNoun>
    <description>A flexible mesh of nerves and metal wire designed to replace a broken spine.</description>
    <spawnThingOnRemoved>VertebralMechanism</spawnThingOnRemoved>
    <addedPartProps>
      <solid>true</solid>
    </addedPartProps>
  </HediffDef>

  <HediffDef ParentName="ClockworkBodyPartBase">
    <defName>BrassTicker</defName>
    <label>brass ticker</label>
    <labelNoun>a brass ticker</labelNoun>
    <description>A clockwork heart made of brass and leather. Not quite as efficient as a natural heart, but enough to keep someone alive.</description>
    <spawnThingOnRemoved>BrassTicker</spawnThingOnRemoved>
    <addedPartProps>
      <solid>true</solid>
      <partEfficiency>0.75</partEfficiency>
    </addedPartProps>
  </HediffDef>

  <HediffDef ParentName="ClockworkBodyPartBase">
    <defName>EntericApparatus</defName>
    <label>enteric apparatus</label>
    <labelNoun>an enteric apparatus</labelNoun>
    <description>A mechanical stomach that grinds down food for digestion.</description>
    <spawnThingOnRemoved>EntericApparatus</spawnThingOnRemoved>
    <addedPartProps>
      <solid>true</solid>
      <partEfficiency>0.5</partEfficiency>
    </addedPartProps>
  </HediffDef>
  
  <HediffDef ParentName="ClockworkBodyPartBase">
    <defName>TympamicApparatus</defName>
    <label>tympanic apparatus</label>
    <labelNoun>a tympanic apparatus</labelNoun>
    <description>A mechanical apparatus designed to replace a destroyed ear.</description>
    <spawnThingOnRemoved>TympamicApparatus</spawnThingOnRemoved>
    <addedPartProps>
      <solid>true</solid>
      <partEfficiency>0.75</partEfficiency>
    </addedPartProps>
  </HediffDef>
  
  <HediffDef ParentName="ClockworkBodyPartBase">
    <defName>ClockworkFoot</defName>
    <label>clockwork foot</label>
    <labelNoun>a clockwork foot</labelNoun>
    <description>A mechanical foot. It is slightly more efficent than its biological counter-part.</description>
    <spawnThingOnRemoved>ClockworkFoot</spawnThingOnRemoved>
    <addedPartProps>
      <solid>true</solid>
      <partEfficiency>1.10</partEfficiency>
    </addedPartProps>
  </HediffDef>
  
  <HediffDef ParentName="ClockworkBodyPartBase">
    <defName>ClockworkFinger</defName>
    <label>articulated finger</label>
    <labelNoun>an articulated finger</labelNoun>
    <description>A complex little device used to replace a lost finger.</description>
    <spawnThingOnRemoved>ClockworkFinger</spawnThingOnRemoved>
    <addedPartProps>
      <solid>true</solid>
      <partEfficiency>1.00</partEfficiency>
    </addedPartProps>
  </HediffDef>
  
  <HediffDef ParentName="ClockworkBodyPartBase">
    <defName>ClockworkToe</defName>
    <label>articulated toe</label>
    <labelNoun>an articulated toe</labelNoun>
    <description>A complex little device used to replace a lost toe.</description>
    <spawnThingOnRemoved>ClockworkToe</spawnThingOnRemoved>
    <addedPartProps>
      <solid>true</solid>
      <partEfficiency>1.00</partEfficiency>
    </addedPartProps>
  </HediffDef>
  
  <HediffDef ParentName="ClockworkBodyPartBase">
    <defName>ClockworkJaw</defName>
    <label>mechanical mandible</label>
    <labelNoun>a mechanical mandible</labelNoun>
    <description>A rather marvellous maw... Although, gears aren't quite as effcient as teeth and tongue...</description>
    <spawnThingOnRemoved>ClockworkJaw</spawnThingOnRemoved>
    <addedPartProps>
      <solid>true</solid>
      <partEfficiency>0.75</partEfficiency>
    </addedPartProps>
  </HediffDef>
  
  <HediffDef ParentName="ClockworkBodyPartBase">
    <defName>ClockworkNose</defName>
    <label>copper nose</label>
    <labelNoun>a mechanical mandible</labelNoun>
    <description>A beautifully sculpted snout.</description>
    <spawnThingOnRemoved>ClockworkNose</spawnThingOnRemoved>
    <addedPartProps>
      <solid>true</solid>
      <partEfficiency>1.00</partEfficiency>
    </addedPartProps>
  </HediffDef>
  
    <HediffDef ParentName="ClockworkBodyPartBase">
    <defName>LeatherLung</defName>
    <label>leather lung</label>
    <labelNoun>a leather lung</labelNoun>
    <description>A complicated leather bellows that somewhat replaces a human lung. It is, however, automatic... This makes talking and eating a bit more dofficult.</description>
    <spawnThingOnRemoved>LeatherLung</spawnThingOnRemoved>
    <addedPartProps>
      <solid>true</solid>
      <partEfficiency>0.60</partEfficiency>
    </addedPartProps>
	<stages>
      <li>
        <capMods>
          <li>
            <capacity>Talking</capacity>
            <offset>-0.30</offset>
          </li>
          <li>
            <capacity>Eating</capacity>
            <offset>-0.20</offset>
          </li>
        </capMods>
      </li>
    </stages>
  </HediffDef>
  
    <HediffDef ParentName="ClockworkBodyPartBase">
    <defName>HepaticApparatus</defName>
    <label>hepatic apparatus</label>
    <labelNoun>a hepatic apparatus</labelNoun>
    <description>A large leather pouch filled with chemicals to aid in blood filtration. Quite crude, but enough to keep someone alive.</description>
    <spawnThingOnRemoved>HepaticApparatus</spawnThingOnRemoved>
    <addedPartProps>
      <solid>true</solid>
      <partEfficiency>0.50</partEfficiency>
    </addedPartProps>
  </HediffDef>
  
    <HediffDef ParentName="ClockworkBodyPartBase">
    <defName>RenalApparatus</defName>
    <label>renal apparatus</label>
    <labelNoun>a renal apparatus</labelNoun>
    <description>A series of intricate tubules coated with filter medium... Incredibly crude, but enough to keep someone alive.</description>
    <spawnThingOnRemoved>RenalApparatus</spawnThingOnRemoved>
    <addedPartProps>
      <solid>true</solid>
      <partEfficiency>0.30</partEfficiency>
    </addedPartProps>
  </HediffDef>
  
  <!--Steamwork-->
  
  <HediffDef ParentName="SteamworkBodyPartBase">
    <defName>SteamworkArm</defName>
    <label>steamwork arm</label>
    <labelNoun>a steamwork arm</labelNoun>
    <description>A sturdy device composed of gears, springs, metal plates, and brass rods. This upgraded prosthesis is more effective than its biological counterpart. It is superior in melee combat.</description>
    <comps>
      <li Class="HediffCompProperties_VerbGiver">
        <tools>
          <li>
            <label>bronze fist</label>
            <capacities>
              <li>Blunt</li>
            </capacities>
            <power>12</power>
            <cooldownTime>2</cooldownTime>
          </li>
		  <li>
            <label>finger blades</label>
            <capacities>
              <li>Scratch</li>
            </capacities>
            <power>8</power>
            <cooldownTime>2</cooldownTime>
          </li>
        </tools>
      </li>
    </comps>
    <spawnThingOnRemoved>SteamworkArm</spawnThingOnRemoved>
    <addedPartProps>
      <solid>true</solid>
      <partEfficiency>1.25</partEfficiency>
      <betterThanNatural>true</betterThanNatural>
    </addedPartProps>
  </HediffDef>
  
  <HediffDef ParentName="SteamworkBodyPartBase">
    <defName>SteamworkLeg</defName>
    <label>steamwork leg</label>
    <labelNoun>a steamwork leg</labelNoun>
    <description>A sturdy prosthesis contructed of bronze, brass, and steel. This upgraded prosthesis is more effective than its biological counterpart.</description>
    <spawnThingOnRemoved>SteamworkLeg</spawnThingOnRemoved>
    <addedPartProps>
      <solid>true</solid>
      <partEfficiency>1.25</partEfficiency>
      <betterThanNatural>true</betterThanNatural>
    </addedPartProps>
  </HediffDef>
  
  <HediffDef ParentName="ClockworkBodyPartBase">
    <defName>SteamworkFist</defName>
    <label>steamwork fist</label>
    <labelNoun>a steamwork fist</labelNoun>
    <description>A sturdy bronze fist. This upgraded prosthesis makes for a fine weapon.</description>
    <comps>
      <li Class="HediffCompProperties_VerbGiver">
        <tools>
          <li>
            <label>steam fist</label>
            <capacities>
              <li>Blunt</li>
            </capacities>
            <power>15</power>
            <cooldownTime>2</cooldownTime>
			<alwaysTreatAsWeapon>true</alwaysTreatAsWeapon>
          </li>
		  <li>
            <label>spikes</label>
            <capacities>
              <li>Stab</li>
			  <li>Scratch</li>
            </capacities>
            <power>15</power>
            <cooldownTime>2</cooldownTime>
			<alwaysTreatAsWeapon>true</alwaysTreatAsWeapon>
          </li>
        </tools>
      </li>
    </comps>
    <spawnThingOnRemoved>SteamworkFist</spawnThingOnRemoved>
    <addedPartProps>
	  <isGoodWeapon>true</isGoodWeapon>
      <solid>true</solid>
      <partEfficiency>1.00</partEfficiency>
    </addedPartProps>
  </HediffDef>
  
  <HediffDef ParentName="ClockworkBodyPartBase">
    <defName>SteamworkFoot</defName>
    <label>steamwork foot</label>
    <labelNoun>a steamwork foot</labelNoun>
    <description>A sturdy prosthesis contructed of bronze, brass, and steel. It is sufficiently more sturdy than its biological counter-part.</description>
    <spawnThingOnRemoved>SteamworkFoot</spawnThingOnRemoved>
    <addedPartProps>
      <solid>true</solid>
      <partEfficiency>1.25</partEfficiency>
    </addedPartProps>
  </HediffDef>
  
</Defs>