<?xml version="1.0" encoding="utf-8" ?>
<Patch>

	<Operation Class="PatchOperationFindMod">
		<mods>
			<li>Simple Ammunition</li>
		</mods>
		
		<match Class="PatchOperationSequence">
		<operations>
		
		<!-- Clockwork Bow -->

		<li Class="PatchOperationAdd">
			<xpath>/Defs/ThingDef[defName="Bow_Clockwork"]</xpath>
			<value>
			<comps>
				<li Class="Reloading.CompProperties_Reloadable">
				<compClass>Reloading.CompReloadable</compClass>
				<MaxShots>10</MaxShots>
				<AmmoFilter>
					<thingDefs>
					<li>BRO_Ammo_Preindustrial</li>
					</thingDefs>
				</AmmoFilter>
				<ItemsPerShot>1</ItemsPerShot>
				<ReloadTimePerShot>0.3</ReloadTimePerShot>
				</li>
			</comps>
			</value>
		</li>

		<li Class="PatchOperationReplace">
			<xpath>/Defs/ThingDef[defName="Bow_Clockwork"]/verbs/li/verbClass</xpath>
			<value>
			<verbClass>Reloading.Verb_ShootReloadable</verbClass>
			</value>
		</li>

		<li Class="PatchOperationAddModExtension">
			<xpath>/Defs/ThingDef[defName="Bow_Clockwork"]</xpath>
			<value>
				<li Class="Reloading.GenerateWithAmmo">
				<min>
					<BRO_Ammo_Preindustrial>20</BRO_Ammo_Preindustrial>
				</min>
				<max>
					<BRO_Ammo_Preindustrial>30</BRO_Ammo_Preindustrial>
				</max>
				</li>
			</value>
		</li>

		<!-- Hunting Rifle -->

		<li Class="PatchOperationAdd">
			<xpath>/Defs/ThingDef[defName="Gun_SteamRifle"]</xpath>
			<value>
			<comps>
				<li Class="Reloading.CompProperties_Reloadable">
				<compClass>Reloading.CompReloadable</compClass>
				<MaxShots>10</MaxShots>
				<AmmoFilter>
					<thingDefs>
					<li>BRO_Ammo_Preindustrial</li>
					</thingDefs>
				</AmmoFilter>
				<ItemsPerShot>1</ItemsPerShot>
				<ReloadTimePerShot>0.1</ReloadTimePerShot>
				<ReloadSound>Standard_Reload</ReloadSound>
				</li>
			</comps>
			</value>
		</li>

		<li Class="PatchOperationReplace">
			<xpath>/Defs/ThingDef[defName="Gun_SteamRifle"]/verbs/li/verbClass</xpath>
			<value>
			<verbClass>Reloading.Verb_ShootReloadable</verbClass>
			</value>
		</li>

		<li Class="PatchOperationAddModExtension">
			<xpath>/Defs/ThingDef[defName="Gun_SteamRifle"]</xpath>
			<value>
				<li Class="Reloading.GenerateWithAmmo">
				<min>
					<BRO_Ammo_Preindustrial>20</BRO_Ammo_Preindustrial>
				</min>
				<max>
					<BRO_Ammo_Preindustrial>30</BRO_Ammo_Preindustrial>
				</max>
				</li>
			</value>
		</li>

		<!-- Electrostatic Rifle -->

		<li Class="PatchOperationAdd">
			<xpath>/Defs/ThingDef[defName="Gun_ElectrostaticRifle"]</xpath>
			<value>
			<comps>
				<li Class="Reloading.CompProperties_Reloadable">
				<compClass>Reloading.CompReloadable</compClass>
				<MaxShots>10</MaxShots>
				<AmmoFilter>
					<thingDefs>
					<li>BRO_Ammo_Industrial</li>
					</thingDefs>
				</AmmoFilter>
				<ItemsPerShot>1</ItemsPerShot>
				<ReloadTimePerShot>0.1</ReloadTimePerShot>
				<ReloadSound>Standard_Reload</ReloadSound>
				</li>
			</comps>
			</value>
		</li>

		<li Class="PatchOperationReplace">
			<xpath>/Defs/ThingDef[defName="Gun_ElectrostaticRifle"]/verbs/li/verbClass</xpath>
			<value>
			<verbClass>Reloading.Verb_ShootReloadable</verbClass>
			</value>
		</li>

		<li Class="PatchOperationAddModExtension">
			<xpath>/Defs/ThingDef[defName="Gun_ElectrostaticRifle"]</xpath>
			<value>
				<li Class="Reloading.GenerateWithAmmo">
				<min>
					<BRO_Ammo_Industrial>20</BRO_Ammo_Industrial>
				</min>
				<max>
					<BRO_Ammo_Industrial>30</BRO_Ammo_Industrial>
				</max>
				</li>
			</value>
		</li>
		
		</operations>
		</match>
	</Operation>

</Patch>
