<?xml version="1.0" encoding="utf-8" ?>
<Patch>
	<Operation Class="PatchOperationAdd">
        <order>Append</order>
		<xpath>Defs/FleshTypeDef[defName="Normal"]/hediffWounds</xpath>
		<value>
			<li>
				<hediff>JewelledEye</hediff>
				<wounds>
					<li>
						<textureSouth>Things/Pawn/Wounds/JewelledEye_south</textureSouth>
						<textureNorth>Things/Pawn/Wounds/JewelledEye_south</textureNorth>
						<textureEast>Things/Pawn/Wounds/JewelledEye_east</textureEast>
						<textureWest>Things/Pawn/Wounds/JewelledEye_east</textureWest>
						<flipWest>true</flipWest>
						<flipOnWoundAnchorTag>LeftEye</flipOnWoundAnchorTag>
						<flipOnRotation>South</flipOnRotation>
						<scale>0.75</scale>
					</li>
				</wounds>
			</li>
  		</value>
	</Operation>
</Patch>
