﻿<?xml version="1.0" encoding="utf-8" ?>
<Defs>

  <ThingDef ParentName="BaseBullet">
    <defName>Bullet_SteamRifle</defName>
    <label>steam flechette</label>
    <graphicData>
      <texPath>Things/Projectile/Bullet_Brass</texPath>
      <graphicClass>Graphic_Single</graphicClass>
    </graphicData>
    <projectile>
      <damageDef>Bullet</damageDef>
      <damageAmountBase>11</damageAmountBase>
	  <stoppingPower>1.5</stoppingPower>
      <speed>60</speed>
    </projectile>
  </ThingDef>

  <ThingDef ParentName="BaseHumanMakeableGun">
    <defName>Gun_SteamRifle</defName>
    <label>steam rifle</label>
    <description>A complex rifle that uses steam cartridges to propel a flechette.</description>
    <graphicData>
      <texPath>Things/Weapon/SteamRifle</texPath>
      <graphicClass>Graphic_Single</graphicClass>
    </graphicData>
    <soundInteract>Interact_Rifle</soundInteract>
    <statBases>
      <WorkToMake>15000</WorkToMake>
      <Mass>6</Mass>
      <AccuracyTouch>0.65</AccuracyTouch>
      <AccuracyShort>0.80</AccuracyShort>
      <AccuracyMedium>0.90</AccuracyMedium>
      <AccuracyLong>0.30</AccuracyLong>
      <RangedWeapon_Cooldown>5</RangedWeapon_Cooldown>
    </statBases>
    <costList>
      <CaS_Bronze>60</CaS_Bronze>
	    <CaS_Brass>10</CaS_Brass>
	    <WoodLog>30</WoodLog>
	    <Gold>1</Gold>
      <SteelSpring>1</SteelSpring>
	    <BrassGears>1</BrassGears>
    </costList>
    <recipeMaker>
	  <recipeUsers>
        <li>TableSteam</li>
      </recipeUsers>
      <skillRequirements>
        <Crafting>6</Crafting>
      </skillRequirements>
	  <researchPrerequisite>SteamworkWeapons</researchPrerequisite>
    </recipeMaker>
    <verbs>
      <li>
        <verbClass>Verb_Shoot</verbClass>
        <hasStandardCommand>true</hasStandardCommand>
        <defaultProjectile>Bullet_SteamRifle</defaultProjectile>
        <warmupTime>2</warmupTime>
        <range>45</range>
        <soundCast>Shot_BoltActionRifle</soundCast>
        <soundCastTail>GunTail_Heavy</soundCastTail>
        <muzzleFlashScale>9</muzzleFlashScale>
      </li>
    </verbs>
    <tools>
      <li>
        <label>stock</label>
        <capacities>
          <li>Blunt</li>
        </capacities>
        <power>9</power>
        <cooldownTime>2</cooldownTime>
      </li>
      <li>
        <label>bayonet</label>
        <capacities>
          <li>Stab</li>
          <li>Poke</li>
        </capacities>
        <power>9</power>
        <cooldownTime>2</cooldownTime>
      </li>
    </tools>
  </ThingDef>
  
  <!-- <ThingDef ParentName="BaseHumanMakeableGun">
    <defName>MeleeGun_PistolSword</defName>
    <label>pistol-sword</label>
    <description>A sword capable of firing a few shots.</description>
    <graphicData>
      <texPath>Things/Weapon/ElectrostaticRifle</texPath>
      <graphicClass>Graphic_Single</graphicClass>
    </graphicData>
    <soundInteract>Interact_Rifle</soundInteract>
    <statBases>
      <WorkToMake>10000</WorkToMake>
      <Mass>6</Mass>
      <AccuracyTouch>0.90</AccuracyTouch>
      <AccuracyShort>0.95</AccuracyShort>
      <AccuracyMedium>0.60</AccuracyMedium>
      <AccuracyLong>0.10</AccuracyLong>
      <RangedWeapon_Cooldown>5</RangedWeapon_Cooldown>
    </statBases>
    <costList>
      <CaS_Bronze>60</CaS_Bronze>
	  <CaS_Brass>10</CaS_Brass>
	  <WoodLog>30</WoodLog>
	  <Gold>1</Gold>
      <SteelSpring>1</SteelSpring>
	  <BrassGears>1</BrassGears>
    </costList>
    <recipeMaker>
	  <recipeUsers>
        <li>TableSteam</li>
      </recipeUsers>
      <skillRequirements>
        <Crafting>6</Crafting>
      </skillRequirements>
	  <researchPrerequisite>SteamworkWeapons</researchPrerequisite>
    </recipeMaker>
    <verbs>
      <li>
        <verbClass>Verb_Shoot</verbClass>
        <hasStandardCommand>true</hasStandardCommand>
        <defaultProjectile>Bullet_SteamRifle</defaultProjectile>
        <warmupTime>0.1</warmupTime>
        <range>20</range>
        <soundCast>Shot_BoltActionRifle</soundCast>
        <soundCastTail>GunTail_Heavy</soundCastTail>
        <muzzleFlashScale>5</muzzleFlashScale>
      </li>
    </verbs>
    <tools>
      <li>
        <label>handle</label>
        <capacities>
          <li>Blunt</li>
        </capacities>
        <power>10</power>
        <cooldownTime>2</cooldownTime>
      </li>
      <li>
        <label>point</label>
        <capacities>
          <li>Stab</li>
        </capacities>
        <power>25</power>
        <cooldownTime>2.6</cooldownTime>
      </li>
      <li>
        <label>edge</label>
        <capacities>
          <li>Cut</li>
        </capacities>
        <power>25</power>
        <cooldownTime>2.6</cooldownTime>
      </li>
    </tools>
  </ThingDef> -->
  
  

</Defs>
