﻿<?xml version="1.0" encoding="utf-8" ?>
<Defs>

  <ThingDef ParentName="BaseBullet">
    <defName>Bullet_ClockworkWindup</defName>
    <label>clockwork windup bullet</label>
    <graphicData>
      <texPath>Things/Projectile/Bullet_Brass</texPath>
      <graphicClass>Graphic_Single</graphicClass>
    </graphicData>
    <projectile>
      <damageDef>Bullet</damageDef>
      <damageAmountBase>8</damageAmountBase>
      <speed>70</speed>
    </projectile>
  </ThingDef>

  <ThingDef ParentName="BaseGunWithQuality">
    <defName>Gun_ClockworkWindup</defName>
    <label>clockwork gun</label>
    <description>A simple clockwork gun made to be mounted on a windup.</description>
    <graphicData>
      <texPath>Things/Weapon/Windups/ClockworkGun</texPath>
      <graphicClass>Graphic_Single</graphicClass>
      <drawSize>0.75</drawSize>
    </graphicData>
    <statBases>
      <MarketValue>1000</MarketValue>
      <Mass>5</Mass>
      <RangedWeapon_Cooldown>4</RangedWeapon_Cooldown>
    </statBases>
    <techLevel>Medieval</techLevel>
    <tradeability>None</tradeability>
    <destroyOnDrop>true</destroyOnDrop>
    <relicChance>0</relicChance>
    <generateCommonality>1</generateCommonality>
    <tools>
      <li>
        <label>barrel</label>
        <capacities>
          <li>Blunt</li>
        </capacities>
        <power>10</power>
        <cooldownTime>2.6</cooldownTime>
      </li>
    </tools>
    <weaponTags>
      <li>ClockworkGunWindup</li>
    </weaponTags>
    <verbs>
      <li>
        <verbClass>Verb_Shoot</verbClass>
        <defaultProjectile>Bullet_ClockworkWindup</defaultProjectile>
        <warmupTime>1</warmupTime>
        <range>35</range>
        <ticksBetweenBurstShots>5</ticksBetweenBurstShots>
        <burstShotCount>3</burstShotCount>
        <soundCast>GunShotA</soundCast>
        <soundCastTail>GunTail_Light</soundCastTail>
        <muzzleFlashScale>9</muzzleFlashScale>
      </li>
    </verbs>
  </ThingDef>

  <ThingDef ParentName="BaseBullet">
    <defName>Bullet_SteamWindup</defName>
    <label>steam burst</label>
    <graphicData>
      <texPath>Things/Projectile/Bullet_Steam</texPath>
      <graphicClass>Graphic_Single</graphicClass>
    </graphicData>
    <projectile>
      <damageDef>Burn</damageDef>
      <damageAmountBase>6</damageAmountBase>
      <speed>40</speed>
    </projectile>
  </ThingDef>

  <ThingDef ParentName="BaseGunWithQuality">
    <defName>Gun_SteamWindup</defName>
    <label>steam cannon</label>
    <description>A steam cannon gun made to be mounted on a windup.</description>
    <graphicData>
      <texPath>Things/Weapon/Windups/SteamGun</texPath>
      <graphicClass>Graphic_Single</graphicClass>
      <drawSize>0.75</drawSize>
    </graphicData>
    <statBases>
      <RangedWeapon_Cooldown>5</RangedWeapon_Cooldown>
      <MarketValue>1000</MarketValue>
      <Mass>5</Mass>
    </statBases>
    <weaponTags>
      <li>ClockworkGunWindup</li>
    </weaponTags>
    <verbs>
      <li>
        <verbClass>Verb_Shoot</verbClass>
        <defaultProjectile>Bullet_SteamWindup</defaultProjectile>
        <warmupTime>1</warmupTime>
        <range>20</range>
        <ticksBetweenBurstShots>10</ticksBetweenBurstShots>
        <burstShotCount>2</burstShotCount>
        <soundCast>Mortar_LaunchA</soundCast>
        <muzzleFlashScale>12</muzzleFlashScale>
      </li>
    </verbs>
  </ThingDef>
  

</Defs>
