﻿<?xml version="1.0" encoding="utf-8" ?>
<Defs>

  <ThingDef ParentName="BaseWeaponNeolithic">
    <defName>Bow_Clockwork</defName>
    <label>clockwork bow</label>
    <description>A elaborate clockwork bow. The mechanical additions to this bow increase its range and accuracy. The alchemic additions make it produce small exposions on impact.</description>
    <graphicData>
      <texPath>Things/Weapon/ClockworkBow</texPath>
      <graphicClass>Graphic_Single</graphicClass>
    </graphicData>
    <soundInteract>Bow_Recurve</soundInteract>
    <costList>
      <WoodLog>40</WoodLog>
      <CaS_Brass>30</CaS_Brass>
      <BrassGears>1</BrassGears>
      <CaS_FlameFlask>3</CaS_FlameFlask>
    </costList>
    <statBases>
      <WorkToMake>6000</WorkToMake>
      <Mass>1.3</Mass>
      <AccuracyTouch>0.70</AccuracyTouch>
      <AccuracyShort>0.80</AccuracyShort>
      <AccuracyMedium>0.75</AccuracyMedium>
      <AccuracyLong>0.60</AccuracyLong>
      <RangedWeapon_Cooldown>1.65</RangedWeapon_Cooldown>
    </statBases>
    <weaponTags>
      <li>NeolithicRangedDecent</li>
    </weaponTags>
    <weaponClasses>
      <li>Ranged</li>
    </weaponClasses>
    <recipeMaker>
      <recipeUsers>
        <li>TableClockwork</li>
      </recipeUsers>
      <researchPrerequisite>ClockworkWeapons</researchPrerequisite>
      <skillRequirements>
        <Crafting>5</Crafting>
      </skillRequirements>
    </recipeMaker>
    <verbs>
      <li>
        <verbClass>Verb_Shoot</verbClass>
        <hasStandardCommand>true</hasStandardCommand>
        <defaultProjectile>Arrow_Clockwork</defaultProjectile>
        <warmupTime>1.45</warmupTime>
        <range>30</range>
        <forcedMissRadius>1</forcedMissRadius>
        <burstShotCount>1</burstShotCount>
        <soundCast>Bow_Recurve</soundCast>

      </li>
    </verbs>
    <tools>
      <li>
        <label>limb</label>
        <capacities>
          <li>Blunt</li>
          <li>Poke</li>
          <li>Stab</li>
        </capacities>
        <power>9</power>
        <cooldownTime>2</cooldownTime>
      </li>
    </tools>
  </ThingDef>

  <ThingDef ParentName="BaseProjectileNeolithic">
    <defName>Arrow_Clockwork</defName>
    <label>clockwork arrow</label>
    <graphicData>
      <texPath>Things/Projectile/Arrow_Clockwork</texPath>
      <graphicClass>Graphic_Single</graphicClass>
    </graphicData>
    <thingClass>Projectile_Explosive</thingClass>
    <projectile>
      <damageDef>Flame</damageDef>
      <damageAmountBase>10</damageAmountBase>
      <stoppingPower>1</stoppingPower>
      <speed>65</speed>
      <explosionRadius>1.1</explosionRadius>
      <preExplosionSpawnThingDef>Filth_FlameAlchemical</preExplosionSpawnThingDef>
      <preExplosionSpawnChance>0.25</preExplosionSpawnChance>
      <ai_IsIncendiary>true</ai_IsIncendiary>
    </projectile>
  </ThingDef>

  <!--Pepperbox Pistol-->

  <ThingDef ParentName="BaseBullet">
    <defName>Bullet_PepperboxPistol</defName>
    <label>pepperbox pistol bullet</label>
    <graphicData>
      <texPath>Things/Projectile/Bullet_ClockworkRoundShot</texPath>
      <graphicClass>Graphic_Single</graphicClass>
      <drawSize>0.5</drawSize>
    </graphicData>
    <projectile>
      <damageDef>Bullet</damageDef>
      <damageAmountBase>5</damageAmountBase>
      <stoppingPower>1</stoppingPower>
      <speed>55</speed>
    </projectile>
  </ThingDef>

  <ThingDef ParentName="BaseHumanMakeableGun">
    <defName>Gun_PepperboxPistol</defName>
    <label>pepperbox pistol</label>
    <description>An ornate little thing, fires a short burst of rounds at an opponent.</description>
    <graphicData>
      <texPath>Things/Weapon/PepperboxPistol</texPath>
      <graphicClass>Graphic_Single</graphicClass>
    </graphicData>
    <uiIconScale>1.4</uiIconScale>
    <soundInteract>Interact_Revolver</soundInteract>
    <thingSetMakerTags>
      <li>RewardStandardQualitySuper</li>
    </thingSetMakerTags>
    <statBases>
      <WorkToMake>4000</WorkToMake>
      <Mass>1.4</Mass>
      <AccuracyTouch>0.750</AccuracyTouch>
      <AccuracyShort>0.70</AccuracyShort>
      <AccuracyMedium>0.40</AccuracyMedium>
      <AccuracyLong>0.20</AccuracyLong>
      <RangedWeapon_Cooldown>2.0</RangedWeapon_Cooldown>
    </statBases>
    <weaponTags>
      <li>SimpleGun</li>
      <li>Revolver</li>
    </weaponTags>
    <costList>
      <Steel>20</Steel>
      <CaS_Brass>10</CaS_Brass>
      <WoodLog>10</WoodLog>
      <BrassGears>2</BrassGears>
    </costList>
    <recipeMaker>
      <recipeUsers>
        <li>TableClockwork</li>
      </recipeUsers>
      <researchPrerequisite>ClockworkWeapons</researchPrerequisite>
      <skillRequirements>
        <Crafting>5</Crafting>
      </skillRequirements>
    </recipeMaker>
    <verbs>
      <li>
        <verbClass>Verb_Shoot</verbClass>
        <hasStandardCommand>true</hasStandardCommand>
        <defaultProjectile>Bullet_PepperboxPistol</defaultProjectile>
        <warmupTime>0.5</warmupTime>
        <range>20</range>
        <burstShotCount>3</burstShotCount>
        <ticksBetweenBurstShots>10</ticksBetweenBurstShots>
        <soundCast>Shot_Autopistol</soundCast>
        <soundCastTail>GunTail_Light</soundCastTail>
        <muzzleFlashScale>9</muzzleFlashScale>
      </li>
    </verbs>
    <tools>
      <li>
        <label>grip</label>
        <capacities>
          <li>Blunt</li>
        </capacities>
        <power>9</power>
        <cooldownTime>2</cooldownTime>
      </li>
      <li>
        <label>barrel</label>
        <capacities>
          <li>Blunt</li>
          <li>Poke</li>
        </capacities>
        <power>9</power>
        <cooldownTime>2</cooldownTime>
      </li>
    </tools>
  </ThingDef>

</Defs>
