<?xml version="1.0" encoding="utf-8" ?>
<Defs>

	<WorkGiverDef>
		<defName>DoBillsClockmakingTable</defName>
		<label>make things at clockmaking table</label>
		<giverClass>WorkGiver_DoBill</giverClass>
		<workType>Smithing</workType>
		<priorityInType>75</priorityInType>
		<fixedBillGiverDefs>
		  <li>TableClockwork</li>
		</fixedBillGiverDefs>
		<verb>work</verb>
		<gerund>working at</gerund>
		<requiredCapacities>
		  <li>Manipulation</li>
		</requiredCapacities>
		<prioritizeSustains>true</prioritizeSustains>
	</WorkGiverDef>
	
	<WorkGiverDef>
		<defName>DoBillsTableWindup</defName>
		<label>make things at automaton construction table</label>
		<giverClass>WorkGiver_DoBill</giverClass>
		<workType>Smithing</workType>
		<priorityInType>80</priorityInType>
		<fixedBillGiverDefs>
		  <li>TableWindup</li>
		</fixedBillGiverDefs>
		<verb>work</verb>
		<gerund>working at</gerund>
		<requiredCapacities>
		  <li>Manipulation</li>
		</requiredCapacities>
		<prioritizeSustains>true</prioritizeSustains>
	</WorkGiverDef>
	
	<WorkGiverDef>
		<defName>DoBillsForge</defName>
		<label>cast metals at forge</label>
		<giverClass>WorkGiver_DoBill</giverClass>
		<workType>Smithing</workType>
		<priorityInType>50</priorityInType>
		<fixedBillGiverDefs>
		  <li>Forge</li>
		</fixedBillGiverDefs>
		<verb>work</verb>
		<gerund>working at</gerund>
		<requiredCapacities>
		  <li>Manipulation</li>
		</requiredCapacities>
		<prioritizeSustains>true</prioritizeSustains>
	</WorkGiverDef>

	<WorkGiverDef>
		<defName>DoBillsTableSteam</defName>
		<label>make things at steam-forge</label>
		<giverClass>WorkGiver_DoBill</giverClass>
		<workType>Smithing</workType>
		<priorityInType>75</priorityInType>
		<fixedBillGiverDefs>
		  <li>TableSteam</li>
		</fixedBillGiverDefs>
		<verb>work</verb>
		<gerund>working at</gerund>
		<requiredCapacities>
		  <li>Manipulation</li>
		</requiredCapacities>
		<prioritizeSustains>true</prioritizeSustains>
	</WorkGiverDef>
	
	<!--Alchemy-->
	
	<WorkGiverDef>
		<defName>DoBillsAlchemyTable</defName>
		<label>perform alchemy at alchemy table</label>
		<giverClass>WorkGiver_DoBill</giverClass>
		<workType>Smithing</workType>
		<priorityInType>70</priorityInType>
		<fixedBillGiverDefs>
		  <li>TableAlchemy</li>
		</fixedBillGiverDefs>
		<verb>work</verb>
		<gerund>working at</gerund>
		<requiredCapacities>
		  <li>Manipulation</li>
		</requiredCapacities>
		<prioritizeSustains>true</prioritizeSustains>
	</WorkGiverDef>
	
</Defs>