<?xml version="1.0" encoding="utf-8" ?>
<Patch>

	<Operation Class="PatchOperationFindMod">
		<mods>
			<li>Industrialisation</li>
			<li>Industrialisation Rebuild</li>
		</mods>
		
		<match Class="PatchOperationFindMod">
			<mods>
				<li>Cupro's Alloys (Continued)</li>
			</mods>
			<nomatch Class="PatchOperationSequence">

			<operations>
			
		<!-- Add CaS Resource Recipes -->
		
		<li Class="PatchOperationAdd">
			<xpath>/Defs</xpath>
			<value>
				<RecipeDef>
					<defName>IND_RefineCopper</defName>
					<recipeUsers>
						<li>ElectricSmelter</li>
						<li>AlloyFurnace</li>
					</recipeUsers>
					<label>Refine copper</label>
					<description>Refine copper for advanced use.</description>
					<jobString>Refining copper</jobString>
					<workAmount>50</workAmount>
					<workSpeedStat>SmeltingSpeed</workSpeedStat>
					<effectWorking>Smelt</effectWorking>
					<soundWorking>Recipe_Smelt</soundWorking>
					<researchPrerequisite>Clockwork</researchPrerequisite>
					<products>
						<CaS_Copper>15</CaS_Copper>
					</products>
					<ingredients>
						<li>
							<filter>
							<thingDefs>
							<li>Ind_Copper</li>
							</thingDefs>
							</filter>
							<count>15</count>
						</li>
					</ingredients>
				</RecipeDef>
			</value>
		</li>

		<li Class="PatchOperationAdd">
			<xpath>/Defs</xpath>
			<value>
				<RecipeDef>
					<defName>IND_RevertCopper</defName>
					<recipeUsers>
						<li>ElectricSmelter</li>
						<li>AlloyFurnace</li>
					</recipeUsers>
					<label>Revert copper</label>
					<description>Revert copper for regular use.</description>
					<jobString>Reverting copper</jobString>
					<workAmount>50</workAmount>
					<workSpeedStat>SmeltingSpeed</workSpeedStat>
					<effectWorking>Smelt</effectWorking>
					<soundWorking>Recipe_Smelt</soundWorking>
					<researchPrerequisite>Clockwork</researchPrerequisite>
					<products>
						<Ind_Copper>15</Ind_Copper>
					</products>
					<ingredients>
						<li>
							<filter>
							<thingDefs>
							<li>CaS_Copper</li>
							</thingDefs>
							</filter>
							<count>15</count>
						</li>
					</ingredients>
				</RecipeDef>
			</value>
		</li>
				
		</operations>

			</nomatch>
		
		</match>
	</Operation>

</Patch>
