<?xml version="1.0" encoding="utf-8" ?>
<Patch>

	<Operation Class="PatchOperationFindMod">
		<mods>
			<li>Rimhammer - The End Times [1.1]</li>
			<li>Rimhammer - The End Times - WITH GUNS!! [1.1]</li>
		</mods>
		
		<match Class="PatchOperationSequence">
		<operations>
		
		<!-- Add CaS Resource recipes -->
		
		
		<li Class="PatchOperationAdd">
			<xpath>/Defs/ThingDef[defName = "RH_TET_TableSmithy"]/recipes</xpath>
			<value>
				<li>CastBrass</li>
				<li>CastBronze</li>
			</value>
		</li>
		
		<!-- Integrate Coal -->

		<li Class="PatchOperationAdd">
        <order>Append</order>
        <xpath> 
			Defs/ThingDef[defName = "SteamBoiler"]/comps/li[contains(@Class,'CompProperties_Refuelable')]/fuelFilter/thingDefs |
			Defs/ThingDef[defName = "CoalFiredGenerator"]/comps/li[contains(@Class,'CompProperties_Refuelable')]/fuelFilter/thingDefs |
			Defs/ThingDef[defName = "AlloyFurnace"]/comps/li[contains(@Class,'CompProperties_Refuelable')]/fuelFilter/thingDefs
		</xpath>
        <value>
            <li>RH_TET_Coal</li>
        </value>
    	</li>
		
		</operations>
		</match>
	</Operation>

</Patch>
