﻿<?xml version="1.0" encoding="utf-8" ?>
<Defs>
  
  <ThingDef ParentName="BasePawn" Name="WindupThingBase" Abstract="True">
    <soundImpactDefault>BulletImpact_Metal</soundImpactDefault>
    <statBases>
      <Flammability>0</Flammability>
	    <ComfyTemperatureMin>-100</ComfyTemperatureMin>
	    <ComfyTemperatureMax>100</ComfyTemperatureMax>
	  	<LeatherAmount>0</LeatherAmount>
		  <MeatAmount>0</MeatAmount>
		  <PsychicSensitivity>0</PsychicSensitivity>
		  <ToxicSensitivity>0</ToxicSensitivity>
    </statBases>
	  <inspectorTabs>
      <li>ITab_Pawn_Health</li>
	    <li>ITab_Pawn_Log</li>
    </inspectorTabs>
    <race>
      <thinkTreeMain>WindupSimple</thinkTreeMain>
      <thinkTreeConstant>WindupSimpleConstant</thinkTreeConstant>
      <intelligence>ToolUser</intelligence>
      <hasGenders>false</hasGenders>
	    <needsRest>false</needsRest>
	    <foodType>None</foodType>
	    <makesFootprints>false</makesFootprints>
      <nameGenerator>NamerAnimalGenericMale</nameGenerator>
      <manhunterOnDamageChance>0.30</manhunterOnDamageChance>
	    <lifeExpectancy>2500</lifeExpectancy>
      <wildness>0</wildness>
      <fleshType>Mechanoid</fleshType>
	    <trainability>None</trainability>
	    <bloodDef>Filth_BloodWindup</bloodDef>
      <lifeStageAges>
        <li>
          <def>MechanoidFullyFormed</def>
          <minAge>0</minAge>
          <soundWounded>Pawn_Mech_Centipede_Wounded</soundWounded>
          <soundDeath>Pawn_Mech_Centipede_Death</soundDeath>
          <soundCall>Pawn_Mech_Centipede_Call</soundCall>
        </li>
      </lifeStageAges>
      <soundMeleeHitPawn>Pawn_Melee_SmallScratch_HitPawn</soundMeleeHitPawn>
      <soundMeleeHitBuilding>Pawn_Melee_SmallScratch_HitBuilding</soundMeleeHitBuilding>
      <soundMeleeMiss>Pawn_Melee_SmallScratch_Miss</soundMeleeMiss>
    </race>
    <recipes>
      <li>AdministerMechSerumHealer</li>
      <li>Euthanize</li>
    </recipes>
  </ThingDef>
  
  <PawnKindDef Name="WindupKindBase" Abstract="True">
    <destroyGearOnDrop>true</destroyGearOnDrop>
  </PawnKindDef>

  <!--Beetle-->
  
  <ThingDef ParentName="WindupThingBase">
    <defName>ClockworkBeetle</defName>
    <label>clockwork beetle</label>
    <description>A large mechanical beetle capable of hauling items.</description>
    <statBases>
      <MoveSpeed>5.0</MoveSpeed>
      <MarketValue>500</MarketValue>
	    <ArmorRating_Sharp>0.30</ArmorRating_Sharp>
      <ArmorRating_Blunt>0.20</ArmorRating_Blunt>
      <ArmorRating_Heat>0.30</ArmorRating_Heat>
    </statBases>
    <tools>
      <li>
        <label>left grasper</label>
        <capacities>
          <li>Scratch</li>
        </capacities>
        <power>9.7</power>
        <cooldownTime>2</cooldownTime>
        <linkedBodyPartsGroup>LeftHand</linkedBodyPartsGroup>
      </li>
      <li>
        <label>right grasper</label>
        <capacities>
          <li>Scratch</li>
        </capacities>
        <power>9.7</power>
        <cooldownTime>2</cooldownTime>
        <linkedBodyPartsGroup>RightHand</linkedBodyPartsGroup>
      </li>
      <li>
        <label>head</label>
        <capacities>
          <li>Blunt</li>
        </capacities>
        <power>6</power>
        <cooldownTime>2</cooldownTime>
        <linkedBodyPartsGroup>HeadAttackTool</linkedBodyPartsGroup>
        <ensureLinkedBodyPartsGroupAlwaysUsable>true</ensureLinkedBodyPartsGroupAlwaysUsable>
        <chanceFactor>0.2</chanceFactor>
      </li>
    </tools>
    <race>
      <body>ClockworkBeetle</body>
	    <herdMigrationAllowed>false</herdMigrationAllowed>
      <baseBodySize>3.0</baseBodySize>
      <baseHealthScale>2.0</baseHealthScale>
	    <packAnimal>true</packAnimal>
    </race>
    <tradeTags>
      <li>AnimalClockwork</li>
    </tradeTags>
	  <butcherProducts>
		  <CaS_Brass>20</CaS_Brass>
		  <BrassGears>3</BrassGears>
		  <SteelSpring>4</SteelSpring>
	  </butcherProducts>
  </ThingDef>
  
  <PawnKindDef ParentName="WindupKindBase">
    <defName>ClockworkBeetle</defName>
    <label>clockwork beetle</label>
    <labelPlural>clockwork beetles</labelPlural>
    <race>ClockworkBeetle</race>
    <combatPower>100</combatPower>
    <ecoSystemWeight>0.1</ecoSystemWeight>
    <lifeStages>
      <li>
        <bodyGraphicData>
          <texPath>Things/Pawn/Windup/ClockworkBeetle</texPath>
          <graphicClass>Graphic_Multi</graphicClass>
          <drawSize>1.5</drawSize>
		      <color>(200,150,50)</color>
          <shadowData>
            <volume>(0.6, 0.45, 0.45)</volume>
            <offset>(0,0,0)</offset>
          </shadowData>
        </bodyGraphicData>
      </li>
    </lifeStages>
  </PawnKindDef>

  <!--Spider-->
  
  <ThingDef ParentName="WindupThingBase">
    <defName>ClockworkSpider</defName>
    <label>clockwork spider</label>
    <description>A large mechanical spider that acts as a mobilised turret.</description>
    <statBases>
      <MoveSpeed>2.0</MoveSpeed>
      <MarketValue>500</MarketValue>
	    <ArmorRating_Sharp>0.30</ArmorRating_Sharp>
      <ArmorRating_Blunt>0.20</ArmorRating_Blunt>
      <ArmorRating_Heat>0.30</ArmorRating_Heat>
    </statBases>
    <tools>
      <li>
        <label>left grasper</label>
        <capacities>
          <li>Scratch</li>
        </capacities>
        <power>9.7</power>
        <cooldownTime>2</cooldownTime>
        <linkedBodyPartsGroup>LeftHand</linkedBodyPartsGroup>
      </li>
      <li>
        <label>right grasper</label>
        <capacities>
          <li>Scratch</li>
        </capacities>
        <power>9.7</power>
        <cooldownTime>2</cooldownTime>
        <linkedBodyPartsGroup>RightHand</linkedBodyPartsGroup>
      </li>
      <li>
        <label>mandibles</label>
        <capacities>
          <li>Stab</li>
        </capacities>
        <power>13</power>
        <cooldownTime>2</cooldownTime>
        <linkedBodyPartsGroup>HeadAttackTool</linkedBodyPartsGroup>
        <ensureLinkedBodyPartsGroupAlwaysUsable>true</ensureLinkedBodyPartsGroupAlwaysUsable>
      </li>
    </tools>
    <race>
      <intelligence>ToolUser</intelligence>
      <body>ClockworkBeetle</body>
	    <herdMigrationAllowed>false</herdMigrationAllowed>
      <baseBodySize>3.0</baseBodySize>
      <baseHealthScale>2.0</baseHealthScale>
	    <packAnimal>false</packAnimal>
      <thinkTreeMain>WindupDefensive</thinkTreeMain>
      <thinkTreeConstant>WindupDefensiveConstant</thinkTreeConstant>
    </race>
    <tradeTags>
      <li>AnimalClockwork</li>
    </tradeTags>
  	<butcherProducts>
	  	<CaS_Brass>20</CaS_Brass>
	  	<BrassGears>3</BrassGears>
	  	<SteelSpring>4</SteelSpring>
  	</butcherProducts>
  </ThingDef>

  <PawnKindDef ParentName="WindupKindBase">
    <defName>ClockworkSpider</defName>
    <label>clockwork spider</label>
    <labelPlural>clockwork spiders</labelPlural>
    <race>ClockworkSpider</race>
    <combatPower>300</combatPower>
    <lifeStages>
      <li>
        <bodyGraphicData>
          <texPath>Things/Pawn/Windup/ClockworkSpider</texPath>
          <graphicClass>Graphic_Multi</graphicClass>
          <drawSize>1.5</drawSize>
		      <color>(200,150,50)</color>
          <shadowData>
            <volume>(0.6, 0.45, 0.45)</volume>
            <offset>(0,0,0)</offset>
          </shadowData>
        </bodyGraphicData>
      </li>
    </lifeStages>
    <weaponMoney>9999~9999</weaponMoney>
    <weaponTags>
      <li>ClockworkGunWindup</li>
    </weaponTags>
  </PawnKindDef>

    <!--Bear-->
  
   <ThingDef ParentName="WindupThingBase">
    <defName>ClockworkBear</defName>
    <label>clockwork bear</label>
    <description>A large mechanical bear.</description>
    <statBases>
      <MoveSpeed>5.0</MoveSpeed>
      <MarketValue>1000</MarketValue>
	    <ArmorRating_Sharp>0.50</ArmorRating_Sharp>
      <ArmorRating_Blunt>0.50</ArmorRating_Blunt>
      <ArmorRating_Heat>0.50</ArmorRating_Heat>
    </statBases>
    <tools>
      <li>
        <label>left claw</label>
        <capacities>
          <li>Scratch</li>
        </capacities>
        <power>20</power>
        <cooldownTime>2</cooldownTime>
        <linkedBodyPartsGroup>FrontLeftPaw</linkedBodyPartsGroup>
        <surpriseAttack>
          <extraMeleeDamages>
            <li>
              <def>Stun</def>
              <amount>14</amount>
            </li>
          </extraMeleeDamages>
        </surpriseAttack>
      </li>
      <li>
        <label>right claw</label>
        <capacities>
          <li>Scratch</li>
        </capacities>
        <power>20</power>
        <cooldownTime>2</cooldownTime>
        <linkedBodyPartsGroup>FrontRightPaw</linkedBodyPartsGroup>
        <surpriseAttack>
          <extraMeleeDamages>
            <li>
              <def>Stun</def>
              <amount>14</amount>
            </li>
          </extraMeleeDamages>
        </surpriseAttack>
      </li>
      <li>
        <capacities>
          <li>Bite</li>
        </capacities>
        <power>30</power>
        <cooldownTime>2.6</cooldownTime>
        <linkedBodyPartsGroup>Teeth</linkedBodyPartsGroup>
        <chanceFactor>0.5</chanceFactor>
        <surpriseAttack>
          <extraMeleeDamages>
            <li>
              <def>Stun</def>
              <amount>14</amount>
            </li>
          </extraMeleeDamages>
        </surpriseAttack>
      </li>
      <li>
        <label>head</label>
        <capacities>
          <li>Blunt</li>
        </capacities>
        <power>15</power>
        <cooldownTime>2</cooldownTime>
        <linkedBodyPartsGroup>HeadAttackTool</linkedBodyPartsGroup>
        <ensureLinkedBodyPartsGroupAlwaysUsable>true</ensureLinkedBodyPartsGroupAlwaysUsable>
        <chanceFactor>0.2</chanceFactor>
      </li>
    </tools>
    <race>
      <body>QuadrupedWindupWithPaws</body>
	    <herdAnimal>false</herdAnimal>
      <baseBodySize>3.0</baseBodySize>
      <baseHealthScale>2.5</baseHealthScale>
    </race>
    <tradeTags>
      <li>AnimalClockwork</li>
    </tradeTags>
	  <butcherProducts>
		  <CaS_Bronze>20</CaS_Bronze>
		  <BrassGears>2</BrassGears>
      <BrassPiston>2</BrassPiston>
		  <SteelSpring>2</SteelSpring>
	  </butcherProducts>
  </ThingDef>

  <PawnKindDef ParentName="WindupKindBase">
    <defName>ClockworkBear</defName>
    <label>clockwork bear</label>
    <labelPlural>clockwork bears</labelPlural>
    <race>ClockworkBear</race>
    <combatPower>200</combatPower>
    <lifeStages>
      <li>
        <bodyGraphicData>
          <texPath>Things/Pawn/Windup/ClockworkBear</texPath>
          <graphicClass>Graphic_Multi</graphicClass>
          <drawSize>3</drawSize>
          <shadowData>
            <volume>(0.4, 0.3, 0.3)</volume>
            <offset>(0,0,-0.2)</offset>
          </shadowData>
        </bodyGraphicData>
      </li>
    </lifeStages>
  </PawnKindDef>

</Defs>
