<?xml version="1.0" encoding="utf-8" ?>
<Defs>

	<RecipeDef ParentName="SurgeryFlesh">
		<defName>InstallJewelledEye</defName>
		<label>install jewelled eye</label>
		<description>Install a jewelled eye.</description>
		<workerClass>Recipe_InstallArtificialBodyPart</workerClass>
		<jobString>Installing jewelled eye.</jobString>
		<workAmount>3500</workAmount>
		<deathOnFailedSurgeryChance>0.10</deathOnFailedSurgeryChance>
		<recipeUsers>
			<li>Human</li>
		</recipeUsers>
		<skillRequirements>
		  <Medicine>7</Medicine>
		</skillRequirements>
		<ingredients>
		  <li>
			<filter>
			  <categories>
				<li>Medicine</li>
			  </categories>
			</filter>
			<count>2</count>
		  </li>
		  <li>
			<filter>
			  <thingDefs>
				<li>JewelledEye</li>
			  </thingDefs>
			</filter>
			<count>1</count>
		  </li>
		</ingredients>
		<fixedIngredientFilter>
		  <categories>
			<li>Medicine</li>
		  </categories>
		  <thingDefs>
			<li>JewelledEye</li>
		  </thingDefs>
		</fixedIngredientFilter>
		<appliedOnFixedBodyParts>
		  <li>Eye</li>
		</appliedOnFixedBodyParts>
		<addsHediff>JewelledEye</addsHediff>
	</RecipeDef>


    <RecipeDef ParentName="SurgeryFlesh">
		<defName>InstallClockworkArm</defName>
		<label>install clockwork arm</label>
		<description>Install a clockwork arm.</description>
		<workerClass>Recipe_InstallArtificialBodyPart</workerClass>
		<jobString>Installing clockwork arm.</jobString>
		<workAmount>2000</workAmount>
		<recipeUsers>
			<li>Human</li>
		</recipeUsers>
		<skillRequirements>
		  <Medicine>5</Medicine>
		</skillRequirements>
		<ingredients>
		  <li>
			<filter>
			  <categories>
				<li>Medicine</li>
			  </categories>
			</filter>
			<count>1</count>
		  </li>
		  <li>
			<filter>
			  <thingDefs>
				<li>ClockworkArm</li>
			  </thingDefs>
			</filter>
			<count>1</count>
		  </li>
		</ingredients>
		<fixedIngredientFilter>
		  <categories>
			<li>Medicine</li>
		  </categories>
		  <thingDefs>
			<li>ClockworkArm</li>
		  </thingDefs>
		</fixedIngredientFilter>
		<appliedOnFixedBodyParts>
		  <li>Shoulder</li>
		</appliedOnFixedBodyParts>
		<addsHediff>ClockworkArm</addsHediff>
	  </RecipeDef>
	  
	  <RecipeDef ParentName="SurgeryFlesh">
		<defName>InstallClockworkLeg</defName>
		<label>install clockwork leg</label>
		<description>Install a clockwork leg.</description>
		<workerClass>Recipe_InstallArtificialBodyPart</workerClass>
		<jobString>Installing clockwork leg.</jobString>
		<workAmount>2000</workAmount>
		<recipeUsers>
			<li>Human</li>
		</recipeUsers>
		<skillRequirements>
		  <Medicine>3</Medicine>
		</skillRequirements>
		<ingredients>
		  <li>
			<filter>
			  <categories>
				<li>Medicine</li>
			  </categories>
			</filter>
			<count>1</count>
		  </li>
		  <li>
			<filter>
			  <thingDefs>
				<li>ClockworkLeg</li>
			  </thingDefs>
			</filter>
			<count>1</count>
		  </li>
		</ingredients>
		<fixedIngredientFilter>
		  <categories>
			<li>Medicine</li>
		  </categories>
		  <thingDefs>
			<li>ClockworkLeg</li>
		  </thingDefs>
		</fixedIngredientFilter>
		<appliedOnFixedBodyParts>
		  <li>Leg</li>
		</appliedOnFixedBodyParts>
		<addsHediff>ClockworkLeg</addsHediff>
	  </RecipeDef>
	  
	  <RecipeDef ParentName="SurgeryFlesh">
		<defName>InstallWatchmakerHand</defName>
		<label>install watchmaker hand</label>
		<description>Install a watchmaker hand.</description>
		<workerClass>Recipe_InstallArtificialBodyPart</workerClass>
		<jobString>Installing watchmaker hand.</jobString>
		<workAmount>2000</workAmount>
		<recipeUsers>
			<li>Human</li>
		</recipeUsers>
		<skillRequirements>
		  <Medicine>7</Medicine>
		</skillRequirements>
		<ingredients>
		  <li>
			<filter>
			  <categories>
				<li>Medicine</li>
			  </categories>
			</filter>
			<count>1</count>
		  </li>
		  <li>
			<filter>
			  <thingDefs>
				<li>WatchmakerHand</li>
			  </thingDefs>
			</filter>
			<count>1</count>
		  </li>
		</ingredients>
		<fixedIngredientFilter>
		  <categories>
			<li>Medicine</li>
		  </categories>
		  <thingDefs>
			<li>WatchmakerHand</li>
		  </thingDefs>
		</fixedIngredientFilter>
		<appliedOnFixedBodyParts>
		  <li>Hand</li>
		</appliedOnFixedBodyParts>
		<addsHediff>WatchmakerHand</addsHediff>
	  </RecipeDef>
	  
	  <RecipeDef ParentName="SurgeryFlesh">
		<defName>InstallVertebralMechanism</defName>
		<label>install vertebral mechanism</label>
		<description>Install a vertebral mechanism.</description>
		<workerClass>Recipe_InstallArtificialBodyPart</workerClass>
		<jobString>Installing vertebral mechanism.</jobString>
		<workAmount>3000</workAmount>
		<deathOnFailedSurgeryChance>0.10</deathOnFailedSurgeryChance>
		<recipeUsers>
			<li>Human</li>
		</recipeUsers>
		<skillRequirements>
		  <Medicine>7</Medicine>
		</skillRequirements>
		<ingredients>
		  <li>
			<filter>
			  <categories>
				<li>Medicine</li>
			  </categories>
			</filter>
			<count>2</count>
		  </li>
		  <li>
			<filter>
			  <thingDefs>
				<li>VertebralMechanism</li>
			  </thingDefs>
			</filter>
			<count>1</count>
		  </li>
		</ingredients>
		<fixedIngredientFilter>
		  <categories>
			<li>Medicine</li>
		  </categories>
		  <thingDefs>
			<li>VertebralMechanism</li>
		  </thingDefs>
		</fixedIngredientFilter>
		<appliedOnFixedBodyParts>
		  <li>Spine</li>
		</appliedOnFixedBodyParts>
		<addsHediff>VertebralMechanism</addsHediff>
	</RecipeDef>
	
	<RecipeDef ParentName="SurgeryFlesh">
		<defName>InstallBrassTicker</defName>
		<label>install brass ticker</label>
		<description>Install a brass ticker.</description>
		<workerClass>Recipe_InstallArtificialBodyPart</workerClass>
		<jobString>Installing brass ticker.</jobString>
		<workAmount>2000</workAmount>
		<deathOnFailedSurgeryChance>0.10</deathOnFailedSurgeryChance>
		<recipeUsers>
			<li>Human</li>
		</recipeUsers>
		<skillRequirements>
		  <Medicine>7</Medicine>
		</skillRequirements>
		<ingredients>
		  <li>
			<filter>
			  <categories>
				<li>Medicine</li>
			  </categories>
			</filter>
			<count>2</count>
		  </li>
		  <li>
			<filter>
			  <thingDefs>
				<li>BrassTicker</li>
			  </thingDefs>
			</filter>
			<count>1</count>
		  </li>
		</ingredients>
		<fixedIngredientFilter>
		  <categories>
			<li>Medicine</li>
		  </categories>
		  <thingDefs>
			<li>BrassTicker</li>
		  </thingDefs>
		</fixedIngredientFilter>
		<appliedOnFixedBodyParts>
		  <li>Heart</li>
		</appliedOnFixedBodyParts>
		<addsHediff>BrassTicker</addsHediff>
	</RecipeDef>
	  
	<RecipeDef ParentName="SurgeryFlesh">
		<defName>InstallEntericApparatus</defName>
		<label>install enteric apparatus</label>
		<description>Install a enteric apparatus.</description>
		<workerClass>Recipe_InstallArtificialBodyPart</workerClass>
		<jobString>Installing enteric apparatus.</jobString>
		<workAmount>2000</workAmount>
		<deathOnFailedSurgeryChance>0.05</deathOnFailedSurgeryChance>
		<recipeUsers>
			<li>Human</li>
		</recipeUsers>
		<skillRequirements>
		  <Medicine>7</Medicine>
		</skillRequirements>
		<ingredients>
		  <li>
			<filter>
			  <categories>
				<li>Medicine</li>
			  </categories>
			</filter>
			<count>2</count>
		  </li>
		  <li>
			<filter>
			  <thingDefs>
				<li>EntericApparatus</li>
			  </thingDefs>
			</filter>
			<count>1</count>
		  </li>
		</ingredients>
		<fixedIngredientFilter>
		  <categories>
			<li>Medicine</li>
		  </categories>
		  <thingDefs>
			<li>EntericApparatus</li>
		  </thingDefs>
		</fixedIngredientFilter>
		<appliedOnFixedBodyParts>
		  <li>Stomach</li>
		</appliedOnFixedBodyParts>
		<addsHediff>EntericApparatus</addsHediff>
	</RecipeDef>
	
	<RecipeDef ParentName="SurgeryFlesh">
		<defName>InstallTympamicApparatus</defName>
		<label>install tympanic apparatus</label>
		<description>Install a tympanic apparatus.</description>
		<workerClass>Recipe_InstallArtificialBodyPart</workerClass>
		<jobString>Installing tympanic apparatus.</jobString>
		<workAmount>2000</workAmount>
		<deathOnFailedSurgeryChance>0.05</deathOnFailedSurgeryChance>
		<recipeUsers>
			<li>Human</li>
		</recipeUsers>
		<skillRequirements>
		  <Medicine>7</Medicine>
		</skillRequirements>
		<ingredients>
		  <li>
			<filter>
			  <categories>
				<li>Medicine</li>
			  </categories>
			</filter>
			<count>2</count>
		  </li>
		  <li>
			<filter>
			  <thingDefs>
				<li>TympamicApparatus</li>
			  </thingDefs>
			</filter>
			<count>1</count>
		  </li>
		</ingredients>
		<fixedIngredientFilter>
		  <categories>
			<li>Medicine</li>
		  </categories>
		  <thingDefs>
			<li>TympamicApparatus</li>
		  </thingDefs>
		</fixedIngredientFilter>
		<appliedOnFixedBodyParts>
		  <li>Ear</li>
		</appliedOnFixedBodyParts>
		<addsHediff>TympamicApparatus</addsHediff>
	</RecipeDef>
	
	<RecipeDef ParentName="SurgeryFlesh">
		<defName>InstallClockworkFoot</defName>
		<label>install clockwork foot</label>
		<description>Install a clockwork foot.</description>
		<workerClass>Recipe_InstallArtificialBodyPart</workerClass>
		<jobString>Installing clockwork foot.</jobString>
		<workAmount>2000</workAmount>
		<recipeUsers>
			<li>Human</li>
		</recipeUsers>
		<skillRequirements>
		  <Medicine>7</Medicine>
		</skillRequirements>
		<ingredients>
		  <li>
			<filter>
			  <categories>
				<li>Medicine</li>
			  </categories>
			</filter>
			<count>1</count>
		  </li>
		  <li>
			<filter>
			  <thingDefs>
				<li>ClockworkFoot</li>
			  </thingDefs>
			</filter>
			<count>1</count>
		  </li>
		</ingredients>
		<fixedIngredientFilter>
		  <categories>
			<li>Medicine</li>
		  </categories>
		  <thingDefs>
			<li>ClockworkFoot</li>
		  </thingDefs>
		</fixedIngredientFilter>
		<appliedOnFixedBodyParts>
		  <li>Foot</li>
		</appliedOnFixedBodyParts>
		<addsHediff>ClockworkFoot</addsHediff>
	  </RecipeDef>
	  
	  <RecipeDef ParentName="SurgeryFlesh">
		<defName>InstallClockworkFinger</defName>
		<label>install articulated finger</label>
		<description>Install an articulated finger.</description>
		<workerClass>Recipe_InstallArtificialBodyPart</workerClass>
		<jobString>Installing articulated finger.</jobString>
		<workAmount>2000</workAmount>
		<recipeUsers>
			<li>Human</li>
		</recipeUsers>
		<skillRequirements>
		  <Medicine>7</Medicine>
		</skillRequirements>
		<ingredients>
		  <li>
			<filter>
			  <categories>
				<li>Medicine</li>
			  </categories>
			</filter>
			<count>1</count>
		  </li>
		  <li>
			<filter>
			  <thingDefs>
				<li>ClockworkFinger</li>
			  </thingDefs>
			</filter>
			<count>1</count>
		  </li>
		</ingredients>
		<fixedIngredientFilter>
		  <categories>
			<li>Medicine</li>
		  </categories>
		  <thingDefs>
			<li>ClockworkFinger</li>
		  </thingDefs>
		</fixedIngredientFilter>
		<appliedOnFixedBodyParts>
		  <li>Finger</li>
		</appliedOnFixedBodyParts>
		<addsHediff>ClockworkFinger</addsHediff>
	  </RecipeDef>
	  
	  <RecipeDef ParentName="SurgeryFlesh">
		<defName>InstallClockworkToe</defName>
		<label>install articulated toe</label>
		<description>Install an articulated toe.</description>
		<workerClass>Recipe_InstallArtificialBodyPart</workerClass>
		<jobString>Installing articulated toe.</jobString>
		<workAmount>2000</workAmount>
		<recipeUsers>
			<li>Human</li>
		</recipeUsers>
		<skillRequirements>
		  <Medicine>7</Medicine>
		</skillRequirements>
		<ingredients>
		  <li>
			<filter>
			  <categories>
				<li>Medicine</li>
			  </categories>
			</filter>
			<count>1</count>
		  </li>
		  <li>
			<filter>
			  <thingDefs>
				<li>ClockworkToe</li>
			  </thingDefs>
			</filter>
			<count>1</count>
		  </li>
		</ingredients>
		<fixedIngredientFilter>
		  <categories>
			<li>Medicine</li>
		  </categories>
		  <thingDefs>
			<li>ClockworkToe</li>
		  </thingDefs>
		</fixedIngredientFilter>
		<appliedOnFixedBodyParts>
		  <li>Toe</li>
		</appliedOnFixedBodyParts>
		<addsHediff>ClockworkToe</addsHediff>
	  </RecipeDef>
	  
	  <RecipeDef ParentName="SurgeryFlesh">
		<defName>InstallClockworkJaw</defName>
		<label>install mechanical mandible</label>
		<description>Install a mechanical mandible.</description>
		<workerClass>Recipe_InstallArtificialBodyPart</workerClass>
		<jobString>Installing mechanical mandible.</jobString>
		<workAmount>2000</workAmount>
		<recipeUsers>
			<li>Human</li>
		</recipeUsers>
		<skillRequirements>
		  <Medicine>7</Medicine>
		</skillRequirements>
		<ingredients>
		  <li>
			<filter>
			  <categories>
				<li>Medicine</li>
			  </categories>
			</filter>
			<count>1</count>
		  </li>
		  <li>
			<filter>
			  <thingDefs>
				<li>ClockworkJaw</li>
			  </thingDefs>
			</filter>
			<count>1</count>
		  </li>
		</ingredients>
		<fixedIngredientFilter>
		  <categories>
			<li>Medicine</li>
		  </categories>
		  <thingDefs>
			<li>ClockworkJaw</li>
		  </thingDefs>
		</fixedIngredientFilter>
		<appliedOnFixedBodyParts>
		  <li>Jaw</li>
		</appliedOnFixedBodyParts>
		<addsHediff>ClockworkJaw</addsHediff>
	  </RecipeDef>
	  
	  <RecipeDef ParentName="SurgeryFlesh">
		<defName>InstallClockworkNose</defName>
		<label>install copper nose</label>
		<description>Install a copper nose.</description>
		<workerClass>Recipe_InstallArtificialBodyPart</workerClass>
		<jobString>Installing copper nose.</jobString>
		<workAmount>2000</workAmount>
		<recipeUsers>
			<li>Human</li>
		</recipeUsers>
		<skillRequirements>
		  <Medicine>7</Medicine>
		</skillRequirements>
		<ingredients>
		  <li>
			<filter>
			  <categories>
				<li>Medicine</li>
			  </categories>
			</filter>
			<count>1</count>
		  </li>
		  <li>
			<filter>
			  <thingDefs>
				<li>ClockworkNose</li>
			  </thingDefs>
			</filter>
			<count>1</count>
		  </li>
		</ingredients>
		<fixedIngredientFilter>
		  <categories>
			<li>Medicine</li>
		  </categories>
		  <thingDefs>
			<li>ClockworkNose</li>
		  </thingDefs>
		</fixedIngredientFilter>
		<appliedOnFixedBodyParts>
		  <li>Nose</li>
		</appliedOnFixedBodyParts>
		<addsHediff>ClockworkNose</addsHediff>
	  </RecipeDef>
	  
	  <RecipeDef ParentName="SurgeryFlesh">
		<defName>InstallLeatherLung</defName>
		<label>install leather lung</label>
		<description>Install a leather lung.</description>
		<workerClass>Recipe_InstallArtificialBodyPart</workerClass>
		<jobString>Installing leather lung.</jobString>
		<workAmount>2000</workAmount>
		<deathOnFailedSurgeryChance>0.05</deathOnFailedSurgeryChance>
		<recipeUsers>
			<li>Human</li>
		</recipeUsers>
		<skillRequirements>
		  <Medicine>7</Medicine>
		</skillRequirements>
		<ingredients>
		  <li>
			<filter>
			  <categories>
				<li>Medicine</li>
			  </categories>
			</filter>
			<count>2</count>
		  </li>
		  <li>
			<filter>
			  <thingDefs>
				<li>LeatherLung</li>
			  </thingDefs>
			</filter>
			<count>1</count>
		  </li>
		</ingredients>
		<fixedIngredientFilter>
		  <categories>
			<li>Medicine</li>
		  </categories>
		  <thingDefs>
			<li>LeatherLung</li>
		  </thingDefs>
		</fixedIngredientFilter>
		<appliedOnFixedBodyParts>
		  <li>Lung</li>
		</appliedOnFixedBodyParts>
		<addsHediff>LeatherLung</addsHediff>
	</RecipeDef>
	
	<RecipeDef ParentName="SurgeryFlesh">
		<defName>InstallHepaticApparatus</defName>
		<label>install hepatic apparatus</label>
		<description>Install a hepatic apparatus.</description>
		<workerClass>Recipe_InstallArtificialBodyPart</workerClass>
		<jobString>Installing hepatic apparatus.</jobString>
		<workAmount>2000</workAmount>
		<deathOnFailedSurgeryChance>0.05</deathOnFailedSurgeryChance>
		<recipeUsers>
			<li>Human</li>
		</recipeUsers>
		<skillRequirements>
		  <Medicine>7</Medicine>
		</skillRequirements>
		<ingredients>
		  <li>
			<filter>
			  <categories>
				<li>Medicine</li>
			  </categories>
			</filter>
			<count>2</count>
		  </li>
		  <li>
			<filter>
			  <thingDefs>
				<li>HepaticApparatus</li>
			  </thingDefs>
			</filter>
			<count>1</count>
		  </li>
		</ingredients>
		<fixedIngredientFilter>
		  <categories>
			<li>Medicine</li>
		  </categories>
		  <thingDefs>
			<li>HepaticApparatus</li>
		  </thingDefs>
		</fixedIngredientFilter>
		<appliedOnFixedBodyParts>
		  <li>Liver</li>
		</appliedOnFixedBodyParts>
		<addsHediff>HepaticApparatus</addsHediff>
	</RecipeDef>
	
	<RecipeDef ParentName="SurgeryFlesh">
		<defName>InstallRenalApparatus</defName>
		<label>install renal apparatus</label>
		<description>Install a renal apparatus.</description>
		<workerClass>Recipe_InstallArtificialBodyPart</workerClass>
		<jobString>Installing renal apparatus.</jobString>
		<workAmount>2000</workAmount>
		<deathOnFailedSurgeryChance>0.05</deathOnFailedSurgeryChance>
		<recipeUsers>
			<li>Human</li>
		</recipeUsers>
		<skillRequirements>
		  <Medicine>7</Medicine>
		</skillRequirements>
		<ingredients>
		  <li>
			<filter>
			  <categories>
				<li>Medicine</li>
			  </categories>
			</filter>
			<count>2</count>
		  </li>
		  <li>
			<filter>
			  <thingDefs>
				<li>RenalApparatus</li>
			  </thingDefs>
			</filter>
			<count>1</count>
		  </li>
		</ingredients>
		<fixedIngredientFilter>
		  <categories>
			<li>Medicine</li>
		  </categories>
		  <thingDefs>
			<li>RenalApparatus</li>
		  </thingDefs>
		</fixedIngredientFilter>
		<appliedOnFixedBodyParts>
		  <li>Kidney</li>
		</appliedOnFixedBodyParts>
		<addsHediff>RenalApparatus</addsHediff>
	</RecipeDef>
	
	<RecipeDef ParentName="SurgeryFlesh">
		<defName>InstallSteamworkArm</defName>
		<label>install steamwork arm</label>
		<description>Install a steamwork arm.</description>
		<workerClass>Recipe_InstallArtificialBodyPart</workerClass>
		<jobString>Installing steamwork arm.</jobString>
		<workAmount>2000</workAmount>
		<recipeUsers>
			<li>Human</li>
		</recipeUsers>
		<skillRequirements>
		  <Medicine>7</Medicine>
		</skillRequirements>
		<ingredients>
		  <li>
			<filter>
			  <categories>
				<li>Medicine</li>
			  </categories>
			</filter>
			<count>1</count>
		  </li>
		  <li>
			<filter>
			  <thingDefs>
				<li>SteamworkArm</li>
			  </thingDefs>
			</filter>
			<count>1</count>
		  </li>
		</ingredients>
		<fixedIngredientFilter>
		  <categories>
			<li>Medicine</li>
		  </categories>
		  <thingDefs>
			<li>SteamworkArm</li>
		  </thingDefs>
		</fixedIngredientFilter>
		<appliedOnFixedBodyParts>
		  <li>Shoulder</li>
		</appliedOnFixedBodyParts>
		<addsHediff>SteamworkArm</addsHediff>
	</RecipeDef>
	  
	<RecipeDef ParentName="SurgeryFlesh">
		<defName>InstallSteamworkLeg</defName>
		<label>install steamwork leg</label>
		<description>Install a steamwork leg.</description>
		<workerClass>Recipe_InstallArtificialBodyPart</workerClass>
		<jobString>Installing steamwork leg.</jobString>
		<workAmount>2000</workAmount>
		<recipeUsers>
			<li>Human</li>
		</recipeUsers>
		<skillRequirements>
		  <Medicine>7</Medicine>
		</skillRequirements>
		<ingredients>
		  <li>
			<filter>
			  <categories>
				<li>Medicine</li>
			  </categories>
			</filter>
			<count>1</count>
		  </li>
		  <li>
			<filter>
			  <thingDefs>
				<li>SteamworkLeg</li>
			  </thingDefs>
			</filter>
			<count>1</count>
		  </li>
		</ingredients>
		<fixedIngredientFilter>
		  <categories>
			<li>Medicine</li>
		  </categories>
		  <thingDefs>
			<li>SteamworkLeg</li>
		  </thingDefs>
		</fixedIngredientFilter>
		<appliedOnFixedBodyParts>
		  <li>Leg</li>
		</appliedOnFixedBodyParts>
		<addsHediff>SteamworkLeg</addsHediff>
	</RecipeDef>
	
	<RecipeDef ParentName="SurgeryFlesh">
		<defName>InstallSteamworkFist</defName>
		<label>install steamwork fist</label>
		<description>Install a steamwork fist.</description>
		<workerClass>Recipe_InstallArtificialBodyPart</workerClass>
		<jobString>Installing steamwork fist.</jobString>
		<workAmount>2000</workAmount>
		<recipeUsers>
			<li>Human</li>
		</recipeUsers>
		<skillRequirements>
		  <Medicine>7</Medicine>
		</skillRequirements>
		<ingredients>
		  <li>
			<filter>
			  <categories>
				<li>Medicine</li>
			  </categories>
			</filter>
			<count>1</count>
		  </li>
		  <li>
			<filter>
			  <thingDefs>
				<li>SteamworkFist</li>
			  </thingDefs>
			</filter>
			<count>1</count>
		  </li>
		</ingredients>
		<fixedIngredientFilter>
		  <categories>
			<li>Medicine</li>
		  </categories>
		  <thingDefs>
			<li>SteamworkFist</li>
		  </thingDefs>
		</fixedIngredientFilter>
		<appliedOnFixedBodyParts>
		  <li>Hand</li>
		</appliedOnFixedBodyParts>
		<addsHediff>SteamworkFist</addsHediff>
	</RecipeDef>

	<RecipeDef ParentName="SurgeryFlesh">
		<defName>InstallSteamworkFoot</defName>
		<label>install steamwork foot</label>
		<description>Install a steamwork foot.</description>
		<workerClass>Recipe_InstallArtificialBodyPart</workerClass>
		<jobString>Installing steamwork foot.</jobString>
		<workAmount>2000</workAmount>
		<recipeUsers>
			<li>Human</li>
		</recipeUsers>
		<skillRequirements>
		  <Medicine>7</Medicine>
		</skillRequirements>
		<ingredients>
		  <li>
			<filter>
			  <categories>
				<li>Medicine</li>
			  </categories>
			</filter>
			<count>1</count>
		  </li>
		  <li>
			<filter>
			  <thingDefs>
				<li>SteamworkFoot</li>
			  </thingDefs>
			</filter>
			<count>1</count>
		  </li>
		</ingredients>
		<fixedIngredientFilter>
		  <categories>
			<li>Medicine</li>
		  </categories>
		  <thingDefs>
			<li>SteamworkFoot</li>
		  </thingDefs>
		</fixedIngredientFilter>
		<appliedOnFixedBodyParts>
		  <li>Foot</li>
		</appliedOnFixedBodyParts>
		<addsHediff>SteamworkFoot</addsHediff>
	</RecipeDef>
	
</Defs>  