<?xml version="1.0" encoding="utf-8"?>
<Defs>

	<RecipeDef>
		<defName>CraftClockworkBeetle</defName>
		<label>construct clockwork beetle</label>
		<description>Construct a mechanical beetle capable of hauling items and assisting around the colony.</description>
		<jobString>constructing clockwork beetle.</jobString>
		<workAmount>10000</workAmount>
		<workSpeedStat>SmithingSpeed</workSpeedStat>
		<effectWorking>Tailor</effectWorking>
		<soundWorking>Recipe_Tailor</soundWorking>
		<researchPrerequisite>ClockworkWindups</researchPrerequisite>
		<products>
				<ClockworkBeetleKit>1</ClockworkBeetleKit>
		</products>
		<ingredients>
			<li>
				<filter>
				<thingDefs>
				<li>RubyLens</li>
				</thingDefs>
				</filter>
				<count>2</count>
			</li>
			<li>
				<filter>
				<thingDefs>
				<li>SapphireLens</li>
				</thingDefs>
				</filter>
				<count>2</count>
			</li>
			<li>
				<filter>
				<thingDefs>
				<li>BrassGears</li>
				</thingDefs>
				</filter>
				<count>8</count>
			</li>
			<li>
				<filter>
				<thingDefs>
				<li>SteelSpring</li>
				</thingDefs>
				</filter>
				<count>10</count>
			</li>
			<li>
				<filter>
				<thingDefs>
				<li>CaS_Brass</li>
				</thingDefs>
				</filter>
				<count>40</count>
			</li>
		</ingredients>
		<skillRequirements>
			<Crafting>8</Crafting>
			<Intellectual>4</Intellectual>
		</skillRequirements>
		<workSkill>Crafting</workSkill>
	</RecipeDef>
	
</Defs>