<?xml version="1.0" encoding="utf-8" ?>
<Defs>
	
	<ResearchTabDef>
		<defName>Clockwork</defName>
		<label>Clockwork</label>
	</ResearchTabDef>

<!--Clockwork-->

  <ResearchProjectDef>
    <defName>Clockwork</defName>
    <label>clockwork</label>
    <description>Unlock the secrets of clockwork.</description>
	<tab>Clockwork</tab>
    <baseCost>1000</baseCost>
    <techLevel>Medieval</techLevel>
    <researchViewX>0</researchViewX>
    <researchViewY>0</researchViewY>
  </ResearchProjectDef>
  
  <ResearchProjectDef>
    <defName>LensCutting</defName>
    <label>lens cutting</label>
    <description>Learn how to cut gemstones into lenses at the clockmaking table.</description>
	<tab>Clockwork</tab>
    <baseCost>250</baseCost>
    <techLevel>Medieval</techLevel>
	<prerequisites>
      <li>Clockwork</li>
    </prerequisites>
    <researchViewX>1</researchViewX>
    <researchViewY>0</researchViewY>
  </ResearchProjectDef>
  
  <ResearchProjectDef>
    <defName>SteamPower</defName>
    <label>steam power</label>
    <description>Learn to harness the power of steam.</description>
	<tab>Clockwork</tab>
    <baseCost>1000</baseCost>
    <techLevel>Medieval</techLevel>
	<prerequisites>
      <li>Clockwork</li>
    </prerequisites>
    <researchViewX>0</researchViewX>
    <researchViewY>1</researchViewY>
  </ResearchProjectDef>
  
  <ResearchProjectDef>
    <defName>MechanicalProsthetics</defName>
    <label>mechanical prosthetics</label>
    <description>Create well-crafted clockwork protheses. Learn how to craft  neural apparatuses at the clockmaking table.</description>
	<tab>Clockwork</tab>
    <baseCost>1000</baseCost>
    <techLevel>Medieval</techLevel>
	<prerequisites>
	  <li>LensCutting</li>
    </prerequisites>
    <researchViewX>2</researchViewX>
    <researchViewY>0</researchViewY>
  </ResearchProjectDef>
  
  <ResearchProjectDef>
    <defName>SteamworkProsthetics</defName>
    <label>steamwork prosthetics</label>
    <description>Create well-crafted steamwork protheses.</description>
	<tab>Clockwork</tab>
    <baseCost>1000</baseCost>
    <techLevel>Medieval</techLevel>
	<prerequisites>
	  <li>MechanicalProsthetics</li>
	  <li>SteamPower</li>
    </prerequisites>
    <researchViewX>3</researchViewX>
    <researchViewY>0</researchViewY>
  </ResearchProjectDef>
  
   <ResearchProjectDef>
    <defName>SteamworkWeapons</defName>
    <label>steamwork weapons</label>
    <description>Use steam technology to power weapons.</description>
	<tab>Clockwork</tab>
    <baseCost>1000</baseCost>
    <techLevel>Industrial</techLevel>
	<prerequisites>
      <li>SteamPower</li>
    </prerequisites>
    <researchViewX>1</researchViewX>
    <researchViewY>1</researchViewY>
  </ResearchProjectDef>
  
  <ResearchProjectDef>
    <defName>GalvanomagneticWeapons</defName>
    <label>galvanomagnetic weapons</label>
    <description>Use lenses to craft specialised weapons.</description>
	<tab>Clockwork</tab>
    <baseCost>1500</baseCost>
    <techLevel>Industrial</techLevel>
	<prerequisites>
      <li>LensCutting</li>
    </prerequisites>
    <researchViewX>3</researchViewX>
    <researchViewY>3</researchViewY>
  </ResearchProjectDef>
  
  <ResearchProjectDef>
    <defName>ClockworkWindups</defName>
    <label>clockwork windups</label>
    <description>Construct simple mechanical automatons to assist around the colony.</description>
	<tab>Clockwork</tab>
    <baseCost>1500</baseCost>
    <techLevel>Medieval</techLevel>
	<prerequisites>
      <li>LensCutting</li>
    </prerequisites>
    <researchViewX>2</researchViewX>
    <researchViewY>1</researchViewY>
  </ResearchProjectDef>
 
 <!--Alchemy-->
 
   <ResearchProjectDef>
    <defName>Alchemy</defName>
    <label>alchemy</label>
    <description>Study the arcane knowledge of alchemy.</description>
	<tab>Clockwork</tab>
    <baseCost>1000</baseCost>
    <techLevel>Medieval</techLevel>
    <researchViewX>0</researchViewX>
    <researchViewY>2</researchViewY>
  </ResearchProjectDef>
  
    <ResearchProjectDef>
    <defName>Serums</defName>
    <label>serums</label>
    <description>Learn how to craft mood-affecting serums at the alchemy table.</description>
	<tab>Clockwork</tab>
    <baseCost>1000</baseCost>
    <techLevel>Medieval</techLevel>
	<prerequisites>
      <li>Alchemy</li>
    </prerequisites>
    <researchViewX>1</researchViewX>
    <researchViewY>2</researchViewY>
  </ResearchProjectDef>
  
   <!--Other-->
  
  <ResearchProjectDef>
    <defName>FancyClothing</defName>
    <label>fancy clothing</label>
    <description>Learn how to make fancy clothes!</description>
	<tab>Clockwork</tab>
    <baseCost>400</baseCost>
    <techLevel>Medieval</techLevel>
    <researchViewX>0</researchViewX>
    <researchViewY>3</researchViewY>
  </ResearchProjectDef>
  
  <ResearchProjectDef>
    <defName>Jewelry</defName>
    <label>jewelry</label>
    <description>Learn how to craft jewelry at the clockmaking table.</description>
	<tab>Clockwork</tab>
    <baseCost>200</baseCost>
    <techLevel>Medieval</techLevel>
	<prerequisites>
      <li>FancyClothing</li>
    </prerequisites>
    <researchViewX>1</researchViewX>
    <researchViewY>3</researchViewY>
  </ResearchProjectDef>
  
  <ResearchProjectDef>
    <defName>AlchemicalPlants</defName>
    <label>alchemical plants</label>
    <description>Unlock the secrets of alchemically made crops.</description>
	<tab>Clockwork</tab>
    <baseCost>400</baseCost>
    <techLevel>Medieval</techLevel>
    <researchViewX>0</researchViewX>
    <researchViewY>4</researchViewY>
  </ResearchProjectDef>
  
</Defs>