<?xml version="1.0" encoding="utf-8"?>
<Defs>

	<RecipeDef>
		<defName>CastBrass</defName>
		<recipeUsers>
			<li>ElectricSmelter</li>
		</recipeUsers>
		<label>Cast brass alloy</label>
		<description>Casts brass alloy from copper and zinc.</description>
		<jobString>Casting brass alloy.</jobString>
		<workAmount>500</workAmount>
		<workSpeedStat>SmeltingSpeed</workSpeedStat>
		<effectWorking>Smelt</effectWorking>
		<soundWorking>Recipe_Smelt</soundWorking>
		<researchPrerequisite>Clockwork</researchPrerequisite>
		<products>
				<CaS_Brass>15</CaS_Brass>
		</products>
		<ingredients>
			<li>
				<filter>
				<thingDefs>
				<li>CaS_Copper</li>
				</thingDefs>
				</filter>
				<count>10</count>
			</li>
			<li>
				<filter>
				<thingDefs>
				<li>CaS_Zinc</li>
				</thingDefs>
				</filter>
				<count>5</count>
			</li>
		</ingredients>
		<skillRequirements>
			<Crafting>4</Crafting>
		</skillRequirements>
		<workSkill>Crafting</workSkill>
	</RecipeDef>
	
	<RecipeDef>
		<defName>CastBronze</defName>
		<recipeUsers>
			<li>ElectricSmelter</li>
		</recipeUsers>
		<label>Cast bronze alloy</label>
		<description>Casts bronze alloy from copper and tin.</description>
		<jobString>Casting bronze alloy.</jobString>
		<workAmount>500</workAmount>
		<workSpeedStat>SmeltingSpeed</workSpeedStat>
		<effectWorking>Smelt</effectWorking>
		<soundWorking>Recipe_Smelt</soundWorking>
		<researchPrerequisite>Clockwork</researchPrerequisite>
		<products>
				<CaS_Bronze>15</CaS_Bronze>
		</products>
		<ingredients>
			<li>
				<filter>
				<thingDefs>
				<li>CaS_Copper</li>
				</thingDefs>
				</filter>
				<count>12</count>
			</li>
			<li>
				<filter>
				<thingDefs>
				<li>CaS_Tin</li>
				</thingDefs>
				</filter>
				<count>3</count>
			</li>
		</ingredients>
		<skillRequirements>
			<Crafting>4</Crafting>
		</skillRequirements>
		<workSkill>Crafting</workSkill>
	</RecipeDef>
	
	<RecipeDef>
		<defName>CutGears</defName>
		<label>Cut gears</label>
		<description>Cut a collection of gears from raw brass.</description>
		<jobString>Cutting gears.</jobString>
		<workAmount>2000</workAmount>
		<workSpeedStat>GeneralLaborSpeed</workSpeedStat>
		<effectWorking>Cook</effectWorking>
		<soundWorking>Recipe_Machining</soundWorking>
		<researchPrerequisite>Clockwork</researchPrerequisite>
		<products>
				<BrassGears>1</BrassGears>
		</products>
		<ingredients>
			<li>
				<filter>
				<thingDefs>
				<li>CaS_Brass</li>
				</thingDefs>
				</filter>
				<count>10</count>
			</li>
			<li>
				<filter>
				<thingDefs>
				<li>Steel</li>
				</thingDefs>
				</filter>
				<count>5</count>
			</li>
		</ingredients>
		<skillRequirements>
			<Crafting>6</Crafting>
		</skillRequirements>
		<workSkill>Crafting</workSkill>
		<unfinishedThingDef>UnfinishedComponent</unfinishedThingDef>
	</RecipeDef>
	
	<RecipeDef>
		<defName>CraftSpring</defName>
		<label>Craft spring</label>
		<description>Bend and treat steel into a spring.</description>
		<jobString>Crafting spring.</jobString>
		<workAmount>1500</workAmount>
		<workSpeedStat>GeneralLaborSpeed</workSpeedStat>
		<effectWorking>Cook</effectWorking>
		<soundWorking>Recipe_Machining</soundWorking>
		<researchPrerequisite>Clockwork</researchPrerequisite>
		<products>
				<SteelSpring>1</SteelSpring>
		</products>
		<ingredients>
			<li>
				<filter>
				<thingDefs>
				<li>Steel</li>
				</thingDefs>
				</filter>
				<count>10</count>
			</li>
		</ingredients>
		<skillRequirements>
			<Crafting>4</Crafting>
		</skillRequirements>
		<workSkill>Crafting</workSkill>
		<unfinishedThingDef>UnfinishedComponent</unfinishedThingDef>
	</RecipeDef>
	
	<RecipeDef>
		<defName>CutRubyLens</defName>
		<label>Cut ruby lens</label>
		<description>Cut a ruby into a delicate lens.</description>
		<jobString>Cutting lens.</jobString>
		<workAmount>3000</workAmount>
		<workSpeedStat>GeneralLaborSpeed</workSpeedStat>
		<effectWorking>Cook</effectWorking>
		<soundWorking>Recipe_Smelt</soundWorking>
		<researchPrerequisite>LensCutting</researchPrerequisite>
		<products>
				<RubyLens>1</RubyLens>
		</products>
		<ingredients>
			<li>
				<filter>
				<thingDefs>
				<li>CaS_Ruby</li>
				</thingDefs>
				</filter>
				<count>1</count>
			</li>
		</ingredients>
		<skillRequirements>
			<Crafting>6</Crafting>
			<Artistic>4</Artistic>
		</skillRequirements>
		<workSkill>Crafting</workSkill>
	</RecipeDef>
	
	<RecipeDef>
		<defName>CutSapphireLens</defName>
		<label>Cut sapphire lens</label>
		<description>Cut a sapphire into a delicate lens.</description>
		<jobString>Cutting lens.</jobString>
		<workAmount>3000</workAmount>
		<workSpeedStat>GeneralLaborSpeed</workSpeedStat>
		<effectWorking>Cook</effectWorking>
		<soundWorking>Recipe_Smelt</soundWorking>
		<researchPrerequisite>LensCutting</researchPrerequisite>
		<products>
				<SapphireLens>1</SapphireLens>
		</products>
		<ingredients>
			<li>
				<filter>
				<thingDefs>
				<li>CaS_Sapphire</li>
				</thingDefs>
				</filter>
				<count>1</count>
			</li>
		</ingredients>
		<skillRequirements>
			<Crafting>6</Crafting>
			<Artistic>4</Artistic>
		</skillRequirements>
		<workSkill>Crafting</workSkill>
	</RecipeDef>
	
	<RecipeDef>
		<defName>CraftNeuralApparatus</defName>
		<label>Craft neural apparatus</label>
		<description>Extract the useful bits from biological flesh; then blend it with mechanical components!</description>
		<jobString>Crafting neural apparatus.</jobString>
		<workAmount>5000</workAmount>
		<workSpeedStat>GeneralLaborSpeed</workSpeedStat>
		<effectWorking>Tailor</effectWorking>
		<soundWorking>Recipe_Tailor</soundWorking>
		<researchPrerequisite>MechanicalProsthetics</researchPrerequisite>
		<products>
				<NeuralApparatus>1</NeuralApparatus>
		</products>
		<ingredients>
			<li>
				<filter>
				<thingDefs>
				<li>RubyLens</li>
				</thingDefs>
				</filter>
				<count>1</count>
			</li>
			<li>
				<filter>
				<thingDefs>
				<li>BrassGears</li>
				</thingDefs>
				</filter>
				<count>2</count>
			</li>
			<li>
				<filter>
				<thingDefs>
				<li>Steel</li>
				</thingDefs>
				</filter>
				<count>25</count>
			</li>
			<li>
				<filter>
				<categories>
					<li>MeatRaw</li>
				</categories>
				</filter>
				<count>25</count>
			</li>
		</ingredients>
		<fixedIngredientFilter>
			<categories>
					<li>MeatRaw</li>
			</categories>
		</fixedIngredientFilter>
		<skillRequirements>
			<Crafting>6</Crafting>
			<Intellectual>4</Intellectual>
			<Medicine>4</Medicine>
		</skillRequirements>
		<workSkill>Crafting</workSkill>
		<unfinishedThingDef>UnfinishedComponent</unfinishedThingDef>
	</RecipeDef>
	
	<RecipeDef>
		<defName>RivetLeather</defName>
		<label>Rivet leather</label>
		<description>Reinforce leather with brass rivets.</description>
		<jobString>Riveting leather.</jobString>
		<workAmount>500</workAmount>
		<workSpeedStat>GeneralLaborSpeed</workSpeedStat>
		<effectWorking>Tailor</effectWorking>
		<soundWorking>Recipe_Tailor</soundWorking>
		<researchPrerequisite>Clockwork</researchPrerequisite>
		<products>
				<RivetedLeather>15</RivetedLeather>
		</products>
		<ingredients>
			<li>
				<filter>
				<thingDefs>
				<li>CaS_Brass</li>
				</thingDefs>
				</filter>
				<count>10</count>
			</li>
			<li>
				<filter>
				<categories>
					<li>Leathers</li>
				</categories>
				</filter>
				<count>30</count>
			</li>
		</ingredients>
		<fixedIngredientFilter>
			<categories>
					<li>Leathers</li>
			</categories>
			<disallowedThingDefs>
				<li>RivetedLeather</li>
			</disallowedThingDefs>
		</fixedIngredientFilter>
		<skillRequirements>
			<Crafting>3</Crafting>
		</skillRequirements>
		<workSkill>Crafting</workSkill>
	</RecipeDef>
</Defs>