﻿<?xml version="1.0" encoding="utf-8" ?>
<Defs>

  <ThingDef Class="Clockwork.ThingDef_FancyApparel" ParentName="ApparelMakeableBase">
    <defName>Apparel_Tailcoat</defName>
    <label>tailcoat</label>
    <description>A delightful tailcoat.</description>
	<recipeMaker>
      <researchPrerequisite>FancyClothing</researchPrerequisite>
      <skillRequirements>
        <Crafting>4</Crafting>
      </skillRequirements>
    </recipeMaker>
    <graphicData>
      <texPath>Things/Apparel/Tailcoat</texPath>
      <graphicClass>Graphic_Single</graphicClass>
      <drawSize>0.85</drawSize>
    </graphicData>
    <costStuffCount>100</costStuffCount>
    <stuffCategories>
      <li>Fabric</li>
    </stuffCategories>
    <thingCategories>
      <li>Apparel</li>
    </thingCategories>
    <statBases>
      <MaxHitPoints>160</MaxHitPoints>
      <WorkToMake>8000</WorkToMake>
      <Mass>1.8</Mass>
      <StuffEffectMultiplierArmor>0.3</StuffEffectMultiplierArmor>
      <StuffEffectMultiplierInsulation_Cold>0.90</StuffEffectMultiplierInsulation_Cold>
      <StuffEffectMultiplierInsulation_Heat>0.30</StuffEffectMultiplierInsulation_Heat>
      <EquipDelay>1.5</EquipDelay>
    </statBases>
    <apparel>
      <bodyPartGroups>
	    <li>Torso</li>
        <li>Neck</li>
        <li>Shoulders</li>
        <li>Arms</li>
      </bodyPartGroups>
      <wornGraphicPath>Things/Apparel/Tailcoat</wornGraphicPath>
      <layers>
        <li>OverVest</li>
      </layers>
      <tags>
        <li>IndustrialAdvanced</li>
      </tags>
      <defaultOutfitTags>
        <li>Worker</li>
      </defaultOutfitTags>
    </apparel>
    <colorGenerator Class="ColorGenerator_Options">
      <options>
        <li>
          <weight>10</weight>
          <only>(0.33,0.33,0.33)</only>
        </li>
        <li>
          <weight>10</weight>
          <only>(0.65,0.65,0.65)</only>
        </li>
        <li>
          <weight>10</weight>
          <only>(0.4,0.3,0.15)</only>
        </li>
        <li>
          <weight>15</weight>
          <min>(0.3,0.3,0.3)</min>
          <max>(0.5,0.5,0.5)</max>
        </li>
        <li>
          <weight>6</weight>
          <min>(0.5,0.5,0.5)</min>
          <max>(1,1,1)</max>
        </li>
      </options>
    </colorGenerator>
	  <fanciness>0.50</fanciness>
  </ThingDef>

  <ThingDef Class="Clockwork.ThingDef_FancyApparel" ParentName="ApparelMakeableBase">
    <defName>Apparel_RibbonCockade</defName>
    <label>ribbon cockade</label>
    <description>A festive cockade!</description>
	<recipeMaker>
      <researchPrerequisite>FancyClothing</researchPrerequisite>
      <skillRequirements>
        <Crafting>2</Crafting>
      </skillRequirements>
    </recipeMaker>
    <graphicData>
      <texPath>Things/Apparel/RibbonCockadeIcon</texPath>
      <graphicClass>Graphic_Single</graphicClass>
      <drawSize>0.5</drawSize>
    </graphicData>
    <costStuffCount>30</costStuffCount>
    <stuffCategories>
      <li>Fabric</li>
    </stuffCategories>
    <thingCategories>
      <li>Apparel</li>
    </thingCategories>
    <statBases>
      <MaxHitPoints>20</MaxHitPoints>
      <WorkToMake>500</WorkToMake>
      <Mass>0.1</Mass>
      <EquipDelay>1.5</EquipDelay>
    </statBases>
    <apparel>
      <bodyPartGroups>
        <li>Shoulders</li>
      </bodyPartGroups>
      <wornGraphicPath>Things/Apparel/RibbonCockade</wornGraphicPath>
      <layers>
        <li>CaS_Accessory</li>
      </layers>
      <defaultOutfitTags>
        <li>Worker</li>
      </defaultOutfitTags>
    </apparel>
	  <fanciness>0.15</fanciness>
  </ThingDef>
  
  <ThingDef Class="Clockwork.ThingDef_FancyApparel" ParentName="ApparelMakeableBase">
    <defName>Apparel_SapphireRing</defName>
    <label>sapphire ring</label>
    <description>A rather grand ring.</description>
  	<recipeMaker>
      <researchPrerequisite>Jewelry</researchPrerequisite>
      <skillRequirements>
        <Crafting>6</Crafting>
      </skillRequirements>
	    <effectWorking>Smith</effectWorking>
	    <soundWorking>Recipe_Machining</soundWorking>
	    <recipeUsers>
		    <li>TableClockwork</li>
	    </recipeUsers>
    </recipeMaker>
    <graphicData>
      <texPath>Things/Apparel/SRing</texPath>
      <graphicClass>Graphic_Single</graphicClass>
	    <shaderType>CutoutComplex</shaderType>
      <drawSize>0.40</drawSize>
    </graphicData>
    <costStuffCount>25</costStuffCount>
    <stuffCategories>
      <li>Metallic</li>
    </stuffCategories>
  	<costList>
      <CaS_Sapphire>3</CaS_Sapphire>
      <Silver>2</Silver>
    </costList>
    <thingCategories>
      <li>Apparel</li>
    </thingCategories>
    <statBases>
      <MaxHitPoints>100</MaxHitPoints>
      <WorkToMake>5000</WorkToMake>
      <Mass>0.2</Mass>
      <StuffEffectMultiplierArmor>0.03</StuffEffectMultiplierArmor>
      <StuffEffectMultiplierInsulation_Cold>0.02</StuffEffectMultiplierInsulation_Cold>
      <StuffEffectMultiplierInsulation_Heat>0.01</StuffEffectMultiplierInsulation_Heat>
      <EquipDelay>0.5</EquipDelay>
    </statBases>
    <apparel>
      <bodyPartGroups>
	    <li>LeftHand</li>
      </bodyPartGroups>
      <layers>
        <li>CaS_Accessory</li>
      </layers>
      <defaultOutfitTags>
        <li>Worker</li>
      </defaultOutfitTags>
    </apparel>
	  <fanciness>0.15</fanciness>
  </ThingDef>

  <ThingDef Class="Clockwork.ThingDef_FancyApparel" ParentName="ApparelMakeableBase">
    <defName>Apparel_RubyPendant</defName>
    <label>ruby pendant</label>
    <description>A decorative ruby pendant.</description>
	<recipeMaker>
      <researchPrerequisite>Jewelry</researchPrerequisite>
      <skillRequirements>
        <Crafting>6</Crafting>
      </skillRequirements>
	    <effectWorking>Smith</effectWorking>
	    <soundWorking>Recipe_Machining</soundWorking>
	    <recipeUsers>
		    <li>TableClockwork</li>
	    </recipeUsers>
    </recipeMaker>
    <graphicData>
      <texPath>Things/Apparel/RPendant</texPath>
      <graphicClass>Graphic_Single</graphicClass>
	    <shaderType>CutoutComplex</shaderType>
      <drawSize>0.40</drawSize>
    </graphicData>
    <costStuffCount>25</costStuffCount>
    <stuffCategories>
      <li>Metallic</li>
    </stuffCategories>
	  <costList>
      <CaS_Ruby>3</CaS_Ruby>
      <Silver>2</Silver>
    </costList>
    <thingCategories>
      <li>Apparel</li>
    </thingCategories>
    <statBases>
      <MaxHitPoints>100</MaxHitPoints>
      <WorkToMake>5000</WorkToMake>
      <Mass>0.2</Mass>
      <StuffEffectMultiplierArmor>0.03</StuffEffectMultiplierArmor>
      <StuffEffectMultiplierInsulation_Cold>0.02</StuffEffectMultiplierInsulation_Cold>
      <StuffEffectMultiplierInsulation_Heat>0.01</StuffEffectMultiplierInsulation_Heat>
      <EquipDelay>0.5</EquipDelay>
    </statBases>
    <apparel>
      <bodyPartGroups>
	    <li>RightHand</li>
      </bodyPartGroups>
      <layers>
        <li>CaS_Accessory</li>
      </layers>
      <defaultOutfitTags>
        <li>Worker</li>
      </defaultOutfitTags>
    </apparel>
	  <fanciness>0.15</fanciness>
  </ThingDef>

  <ThingDef Class="Clockwork.ThingDef_FancyApparel" ParentName="HatMakeableBase">
    <defName>Apparel_FlowerHat</defName>
    <label>flower hat</label>
    <description>An elaborate hat made from fabic and a collection of flowers!</description>
    <techLevel>Medieval</techLevel>
    <graphicData>
      <texPath>Things/Apparel/FlowerHatIcon</texPath>
      <graphicClass>Graphic_Single</graphicClass>
      <shaderType>CutoutComplex</shaderType>
      <drawSize>1</drawSize>
    </graphicData>
    <costStuffCount>50</costStuffCount>
    <stuffCategories>
      <li>Fabric</li>
    </stuffCategories>
    <costList>
      <CaS_FlameLily>10</CaS_FlameLily>
      <CaS_FrostBerry>5</CaS_FrostBerry>
      <CaS_SolarBlossom>2</CaS_SolarBlossom>
    </costList>
    <uiIconScale>1.15</uiIconScale>
    <statBases>
      <WorkToMake>6000</WorkToMake>
      <MaxHitPoints>50</MaxHitPoints>
      <Mass>1</Mass>
      <StuffEffectMultiplierArmor>0.1</StuffEffectMultiplierArmor>
      <StuffEffectMultiplierInsulation_Cold>0.07</StuffEffectMultiplierInsulation_Cold>
      <StuffEffectMultiplierInsulation_Heat>0.07</StuffEffectMultiplierInsulation_Heat>
      <EquipDelay>1.5</EquipDelay>
    </statBases>
    <equippedStatOffsets>
      <SocialImpact>0.20</SocialImpact>
    </equippedStatOffsets>
    <apparel>
      <bodyPartGroups>
        <li>UpperHead</li>
      </bodyPartGroups>
      <wornGraphicPath>Things/Apparel/FlowerHat</wornGraphicPath>
      <useWornGraphicMask>true</useWornGraphicMask>
      <layers>
        <li>Overhead</li>
      </layers>
      <defaultOutfitTags>
        <li>Worker</li>
      </defaultOutfitTags>
    </apparel>
    <recipeMaker>
      <researchPrerequisite>FancyClothing</researchPrerequisite>
      <skillRequirements>
        <Crafting>4</Crafting>
      </skillRequirements>
    </recipeMaker>
    <fanciness>0.25</fanciness>
  </ThingDef>

  
</Defs>
