<?xml version="1.0" encoding="utf-8" ?>
<Defs>

  <!--=============== Clockwork-turret ===============-->

  <ThingDef ParentName="BuildingBase">
    <defName>Turret_ClockworkTurret</defName>
    <label>clockwork turret</label>
    <description>An automatic clockwork turret. Its clockwork internals make it fragile. Requires brass to refurbish its barrel after heavy use. Its clockwork brain can't be directly controlled, so beware of friendly fire.</description>
    <thingClass>Building_TurretGun</thingClass>
    <graphicData>
      <texPath>Things/Building/Security/TurretClockwork_Base</texPath>
      <graphicClass>Graphic_Single</graphicClass>
      <drawSize>(1,1)</drawSize>
      <damageData>
        <rect>(0.2,0.2,0.6,0.6)</rect>
      </damageData>
      <shadowData>
        <volume>(0.27,0.25,0.27)</volume>
        <offset>(0,0,0)</offset>
      </shadowData>
    </graphicData>
    <uiIconPath>Things/Building/Security/TurretClockwork_MenuIcon</uiIconPath>
    <minifiedDef>MinifiedThing</minifiedDef>
    <altitudeLayer>Building</altitudeLayer>
    <stealable>false</stealable>
    <rotatable>false</rotatable>
    <thingCategories>
      <li>BuildingsSecurity</li>
    </thingCategories>
    <statBases>
      <MaxHitPoints>75</MaxHitPoints>
      <Flammability>0.5</Flammability>
      <WorkToBuild>1800</WorkToBuild>
      <Mass>8</Mass>
      <Beauty>-20</Beauty>
      <ShootingAccuracyTurret>0.96</ShootingAccuracyTurret>
    </statBases>
    <tickerType>Normal</tickerType>
    <comps>
      <li Class="CompProperties_Forbiddable"/>
      <li Class="CompProperties_Flickable"/>
      <li Class="CompProperties_Breakdownable"/>
      <li Class="CompProperties_Refuelable">
        <fuelLabel>Shots until rearm</fuelLabel>
        <fuelGizmoLabel>Current ammo</fuelGizmoLabel>
        <outOfFuelMessage>Cannot shoot: Out of ammo</outOfFuelMessage>
        <fuelFilter><thingDefs><li>CaS_Brass</li></thingDefs></fuelFilter>
        <fuelCapacity>60</fuelCapacity>
        <fuelMultiplier>2</fuelMultiplier>
        <initialFuelPercent>1</initialFuelPercent>
        <autoRefuelPercent>0.5</autoRefuelPercent>
        <showFuelGizmo>true</showFuelGizmo>
        <minimumFueledThreshold>1</minimumFueledThreshold>
        <factorByDifficulty>true</factorByDifficulty>
        <consumeFuelOnlyWhenUsed>true</consumeFuelOnlyWhenUsed>
        <fuelIconPath>UI/Overlays/Barrel</fuelIconPath>
      </li>
    </comps>
    <passability>PassThroughOnly</passability>
    <pathCost>50</pathCost>
    <fillPercent>0.4</fillPercent>
    <hasTooltip>true</hasTooltip>
    <costList>
      <Steel>30</Steel>
	    <CaS_Bronze>50</CaS_Bronze>
      <CaS_Brass>50</CaS_Brass>
	    <BrassGears>3</BrassGears>
	    <SteelSpring>1</SteelSpring>
      <SapphireLens>1</SapphireLens>
    </costList>
    <terrainAffordanceNeeded>Light</terrainAffordanceNeeded>
    <designationCategory>Security</designationCategory>
    <constructionSkillPrerequisite>5</constructionSkillPrerequisite>
    <building>
      <combatPower>45</combatPower>   <!-- same as a scavenger -->
      <ai_combatDangerous>true</ai_combatDangerous>
      <turretGunDef>Gun_ClockworkTurret</turretGunDef>
      <turretBurstCooldownTime>5</turretBurstCooldownTime>
    </building>
    <placeWorkers>
      <li>PlaceWorker_TurretTop</li>
      <li>PlaceWorker_ShowTurretRadius</li>
    </placeWorkers>
    <designationHotKey>Misc2</designationHotKey>
    <researchPrerequisites>
      <li>ClockworkTurrets</li>
    </researchPrerequisites>
    <drawerType>MapMeshAndRealTime</drawerType>
  </ThingDef>

  <ThingDef ParentName="BaseBullet">
    <defName>Bullet_ClockworkTurret</defName>
    <label>clockwork turret bullet</label>
    <graphicData>
      <texPath>Things/Projectile/Bullet_Brass</texPath>
      <graphicClass>Graphic_Single</graphicClass>
    </graphicData>
    <projectile>
      <damageDef>Bullet</damageDef>
      <damageAmountBase>10</damageAmountBase>
      <speed>70</speed>
    </projectile>
  </ThingDef>

  <ThingDef ParentName="BaseWeaponTurret">
    <defName>Gun_ClockworkTurret</defName>
    <label>clockwork turret gun</label>
    <description>A simple clockwork gun made to be mounted on a turret.</description>
    <graphicData>
      <texPath>Things/Building/Security/TurretClockwork_Top</texPath>
      <graphicClass>Graphic_Single</graphicClass>
    </graphicData>
    <altitudeLayer>BuildingOnTop</altitudeLayer>
    <statBases>
      <AccuracyTouch>0.70</AccuracyTouch>
      <AccuracyShort>0.65</AccuracyShort>
      <AccuracyMedium>0.50</AccuracyMedium>
      <AccuracyLong>0.45</AccuracyLong>
      <RangedWeapon_Cooldown>6</RangedWeapon_Cooldown>
      <DeteriorationRate>0</DeteriorationRate>
      <Mass>5</Mass>
      <Flammability>0</Flammability>
    </statBases>
    <verbs>
      <li>
        <verbClass>Verb_Shoot</verbClass>
        <defaultProjectile>Bullet_ClockworkTurret</defaultProjectile>
        <warmupTime>1</warmupTime>
        <range>35</range>
        <ticksBetweenBurstShots>5</ticksBetweenBurstShots>
        <burstShotCount>3</burstShotCount>
        <soundCast>GunShotA</soundCast>
        <soundCastTail>GunTail_Light</soundCastTail>
        <muzzleFlashScale>9</muzzleFlashScale>
        <consumeFuelPerShot>1</consumeFuelPerShot>
      </li>
    </verbs>
  </ThingDef>

   <!--=============== Sniper-turret ===============-->

  <ThingDef ParentName="BuildingBase">
    <defName>Turret_ClockworkSniper</defName>
    <label>clockwork sniper</label>
    <description>An automatic clockwork sniper. Its clockwork internals make it fragile. Requires steel to refurbish its barrel after little use. Its clockwork brain can't be directly controlled, so beware of friendly fire.</description>
    <thingClass>Building_TurretGun</thingClass>
    <graphicData>
      <texPath>Things/Building/Security/TurretClockwork_Base</texPath>
      <graphicClass>Graphic_Single</graphicClass>
      <drawSize>(1,1)</drawSize>
      <damageData>
        <rect>(0.2,0.2,0.6,0.6)</rect>
      </damageData>
      <shadowData>
        <volume>(0.27,0.25,0.27)</volume>
        <offset>(0,0,0)</offset>
      </shadowData>
    </graphicData>
    <uiIconPath>Things/Building/Security/TurretClockworkSniper_MenuIcon</uiIconPath>
    <minifiedDef>MinifiedThing</minifiedDef>
    <altitudeLayer>Building</altitudeLayer>
    <stealable>false</stealable>
    <rotatable>false</rotatable>
    <thingCategories>
      <li>BuildingsSecurity</li>
    </thingCategories>
    <statBases>
      <MaxHitPoints>50</MaxHitPoints>
      <Flammability>0.5</Flammability>
      <WorkToBuild>1800</WorkToBuild>
      <Mass>8</Mass>
      <Beauty>-20</Beauty>
      <ShootingAccuracyTurret>0.96</ShootingAccuracyTurret>
    </statBases>
    <tickerType>Normal</tickerType>
    <comps>
      <li Class="CompProperties_Forbiddable"/>
      <li Class="CompProperties_Flickable"/>
      <li Class="CompProperties_Breakdownable"/>
      <li Class="CompProperties_Refuelable">
        <fuelLabel>Shots until rearm</fuelLabel>
        <fuelGizmoLabel>Current ammo</fuelGizmoLabel>
        <outOfFuelMessage>Cannot shoot: Out of ammo</outOfFuelMessage>
        <fuelFilter><thingDefs><li>Steel</li></thingDefs></fuelFilter>
        <fuelCapacity>10</fuelCapacity>
        <fuelMultiplier>1</fuelMultiplier>
        <initialFuelPercent>1</initialFuelPercent>
        <autoRefuelPercent>0.5</autoRefuelPercent>
        <showFuelGizmo>true</showFuelGizmo>
        <minimumFueledThreshold>1</minimumFueledThreshold>
        <factorByDifficulty>true</factorByDifficulty>
        <consumeFuelOnlyWhenUsed>true</consumeFuelOnlyWhenUsed>
        <fuelIconPath>UI/Overlays/Barrel</fuelIconPath>
      </li>
    </comps>
    <passability>PassThroughOnly</passability>
    <pathCost>50</pathCost>
    <fillPercent>0.4</fillPercent>
    <hasTooltip>true</hasTooltip>
    <costList>
      <Steel>50</Steel>
	    <CaS_Bronze>50</CaS_Bronze>
      <CaS_Brass>25</CaS_Brass>
	    <BrassGears>3</BrassGears>
	    <SteelSpring>2</SteelSpring>
      <RubyLens>3</RubyLens>
    </costList>
    <terrainAffordanceNeeded>Light</terrainAffordanceNeeded>
    <designationCategory>Security</designationCategory>
    <constructionSkillPrerequisite>7</constructionSkillPrerequisite>
    <building>
      <combatPower>45</combatPower>   <!-- same as a scavenger -->
      <ai_combatDangerous>true</ai_combatDangerous>
      <turretGunDef>Gun_ClockworkSniper</turretGunDef>
      <turretBurstCooldownTime>5</turretBurstCooldownTime>
    </building>
    <placeWorkers>
      <li>PlaceWorker_TurretTop</li>
      <li>PlaceWorker_ShowTurretRadius</li>
    </placeWorkers>
    <designationHotKey>Misc2</designationHotKey>
    <researchPrerequisites>
      <li>ClockworkTurrets</li>
    </researchPrerequisites>
    <drawerType>MapMeshAndRealTime</drawerType>
  </ThingDef>

  <ThingDef ParentName="BaseBullet">
    <defName>Bullet_ClockworkSniper</defName>
    <label>clockwork turret bullet</label>
    <graphicData>
      <texPath>Things/Projectile/Bullet_Brass</texPath>
      <graphicClass>Graphic_Single</graphicClass>
    </graphicData>
    <projectile>
      <damageDef>Bullet</damageDef>
      <damageAmountBase>20</damageAmountBase>
      <speed>80</speed>
    </projectile>
  </ThingDef>

  <ThingDef ParentName="BaseWeaponTurret">
    <defName>Gun_ClockworkSniper</defName>
    <label>clockwork turret gun</label>
    <description>A clockwork sniper gun made to be mounted on a turret.</description>
    <graphicData>
      <texPath>Things/Building/Security/TurretClockworkSniper_Top</texPath>
      <graphicClass>Graphic_Single</graphicClass>
    </graphicData>
    <statBases>
      <AccuracyTouch>0.50</AccuracyTouch>
      <AccuracyShort>0.95</AccuracyShort>
      <AccuracyMedium>0.95</AccuracyMedium>
      <AccuracyLong>0.95</AccuracyLong>
      <RangedWeapon_Cooldown>10</RangedWeapon_Cooldown>
      <DeteriorationRate>0</DeteriorationRate>
      <Mass>5</Mass>
      <Flammability>0</Flammability>
    </statBases>
    <verbs>
      <li>
        <verbClass>Verb_Shoot</verbClass>
        <defaultProjectile>Bullet_ClockworkSniper</defaultProjectile>
        <warmupTime>4</warmupTime>
        <range>45</range>
        <ticksBetweenBurstShots>5</ticksBetweenBurstShots>
        <burstShotCount>1</burstShotCount>
        <soundCast>GunShotA</soundCast>
        <soundCastTail>GunTail_Light</soundCastTail>
        <muzzleFlashScale>9</muzzleFlashScale>
        <consumeFuelPerShot>1</consumeFuelPerShot>
      </li>
    </verbs>
  </ThingDef>

  <!--=============== SteamCannon-turret ===============-->

  <ThingDef ParentName="BuildingBase">
    <defName>Turret_SteamCannon</defName>
    <label>steam cannon</label>
    <description>An automatic steam cannon. It fires two gusts of steam at approaching enemies. Its clockwork brain can't be directly controlled, so beware of friendly fire.</description>
    <thingClass>Building_TurretGun</thingClass>
    <graphicData>
      <texPath>Things/Building/Security/TurretClockwork_Base</texPath>
      <graphicClass>Graphic_Single</graphicClass>
      <drawSize>(1,1)</drawSize>
      <damageData>
        <rect>(0.2,0.2,0.6,0.6)</rect>
      </damageData>
      <shadowData>
        <volume>(0.27,0.25,0.27)</volume>
        <offset>(0,0,0)</offset>
      </shadowData>
    </graphicData>
    <uiIconPath>Things/Building/Security/TurretSteamCannon_MenuIcon</uiIconPath>
    <minifiedDef>MinifiedThing</minifiedDef>
    <altitudeLayer>Building</altitudeLayer>
    <stealable>false</stealable>
    <rotatable>false</rotatable>
    <thingCategories>
      <li>BuildingsSecurity</li>
    </thingCategories>
    <statBases>
      <MaxHitPoints>150</MaxHitPoints>
      <Flammability>0.5</Flammability>
      <WorkToBuild>1800</WorkToBuild>
      <Mass>8</Mass>
      <Beauty>-20</Beauty>
      <ShootingAccuracyTurret>0.96</ShootingAccuracyTurret>
    </statBases>
    <tickerType>Normal</tickerType>
    <comps>
     <li Class="CompProperties_Power">
        <compClass>Clockwork.CompPowerTraderSteam</compClass>
      </li>
      <li Class="Clockwork.CompProperties_SteamConsumer">
        <volume>1</volume>
        <minPressure>1500</minPressure>
        <steamConsumption>200</steamConsumption>
      </li>
      <li Class="CompProperties_Forbiddable"/>
      <li Class="CompProperties_Flickable"/>
      <li Class="CompProperties_Breakdownable"/>
    </comps>
    <passability>PassThroughOnly</passability>
    <pathCost>50</pathCost>
    <fillPercent>0.4</fillPercent>
    <hasTooltip>true</hasTooltip>
    <costList>
      <Steel>50</Steel>
	    <CaS_Bronze>50</CaS_Bronze>
      <CaS_Brass>20</CaS_Brass>
	    <BrassGears>3</BrassGears>
	    <SteelSpring>1</SteelSpring>
      <RivetedLeather>10</RivetedLeather>
      <SapphireLens>1</SapphireLens>
    </costList>
    <terrainAffordanceNeeded>Light</terrainAffordanceNeeded>
    <designationCategory>Security</designationCategory>
    <constructionSkillPrerequisite>5</constructionSkillPrerequisite>
    <building>
      <combatPower>45</combatPower>   <!-- same as a scavenger -->
      <ai_combatDangerous>true</ai_combatDangerous>
      <turretGunDef>Gun_SteamCannon</turretGunDef>
      <turretBurstCooldownTime>5</turretBurstCooldownTime>
    </building>
    <placeWorkers>
      <li>PlaceWorker_TurretTop</li>
      <li>PlaceWorker_ShowTurretRadius</li>
    </placeWorkers>
    <designationHotKey>Misc2</designationHotKey>
    <researchPrerequisites>
      <li>SteamworkTurrets</li>
    </researchPrerequisites>
    <drawerType>MapMeshAndRealTime</drawerType>
  </ThingDef>

  <ThingDef ParentName="BaseBullet">
    <defName>Bullet_SteamCannon</defName>
    <label>steam burst</label>
    <graphicData>
      <texPath>Things/Projectile/Bullet_Steam</texPath>
      <graphicClass>Graphic_Single</graphicClass>
    </graphicData>
    <projectile>
      <damageDef>Burn</damageDef>
      <damageAmountBase>8</damageAmountBase>
      <speed>40</speed>
    </projectile>
  </ThingDef>

  <ThingDef ParentName="BaseWeaponTurret">
    <defName>Gun_SteamCannon</defName>
    <label>steam cannon gun</label>
    <description>A steam cannon gun made to be mounted on a turret.</description>
    <graphicData>
      <texPath>Things/Building/Security/TurretSteamCannon_Top</texPath>
      <graphicClass>Graphic_Single</graphicClass>
    </graphicData>
    <statBases>
      <AccuracyTouch>0.80</AccuracyTouch>
      <AccuracyShort>0.70</AccuracyShort>
      <AccuracyMedium>0.60</AccuracyMedium>
      <AccuracyLong>0.40</AccuracyLong>
      <RangedWeapon_Cooldown>7</RangedWeapon_Cooldown>
      <DeteriorationRate>0</DeteriorationRate>
      <Mass>5</Mass>
      <Flammability>0</Flammability>
    </statBases>
    <verbs>
      <li>
        <verbClass>Verb_Shoot</verbClass>
        <defaultProjectile>Bullet_SteamCannon</defaultProjectile>
        <warmupTime>1</warmupTime>
        <range>20</range>
        <ticksBetweenBurstShots>10</ticksBetweenBurstShots>
        <burstShotCount>2</burstShotCount>
        <soundCast>Mortar_LaunchA</soundCast>
        <muzzleFlashScale>12</muzzleFlashScale>
      </li>
    </verbs>
  </ThingDef>

</Defs>