﻿<?xml version="1.0" encoding="utf-8" ?>
<Defs>

  <!--======== Common to various Windups ========-->

  <BodyPartDef>
    <defName>WindupNeck</defName>
    <label>neck</label>
    <hitPoints>30</hitPoints>
    <permanentInjuryChanceFactor>0</permanentInjuryChanceFactor>
    <skinCovered>false</skinCovered>
    <solid>true</solid>
    <bleedRate>0</bleedRate>
    <alive>false</alive>
    <tags>
      <li>TalkingPathway</li>
    </tags>
  </BodyPartDef>

  <BodyPartDef>
    <defName>WindupMouth</defName>
    <label>mouth</label>
    <hitPoints>20</hitPoints>
    <permanentInjuryChanceFactor>0</permanentInjuryChanceFactor>
    <skinCovered>false</skinCovered>
    <solid>true</solid>
    <bleedRate>0</bleedRate>
    <alive>false</alive>
    <tags>
      <li>EatingSource</li>
    </tags>
  </BodyPartDef>

  <BodyPartDef>
    <defName>WindupHead</defName>
    <label>head</label>
    <hitPoints>30</hitPoints>
    <permanentInjuryChanceFactor>0</permanentInjuryChanceFactor>
    <skinCovered>false</skinCovered>
    <solid>true</solid>
    <bleedRate>0</bleedRate>
    <alive>false</alive>
  </BodyPartDef>

  <BodyPartDef>
    <defName>WindupBrain</defName>
    <label>clockwork brain</label>
    <hitPoints>10</hitPoints>
    <permanentInjuryChanceFactor>0</permanentInjuryChanceFactor>
    <skinCovered>false</skinCovered>
    <alive>false</alive>
    <bleedRate>0.1</bleedRate>
    <tags>
      <li>ConsciousnessSource</li>
    </tags>
  </BodyPartDef>

  <BodyPartDef>
    <defName>WindupHeart</defName>
    <label>mechanical heart</label>
    <hitPoints>20</hitPoints>
    <permanentInjuryChanceFactor>0</permanentInjuryChanceFactor>
    <skinCovered>false</skinCovered>
    <alive>false</alive>
    <bleedRate>0.1</bleedRate>
    <tags>
      <li>BloodPumpingSource</li>
    </tags>
  </BodyPartDef>

  <BodyPartDef>
    <defName>WindupLung</defName>
    <label>leather lung</label>
    <hitPoints>15</hitPoints>
	<permanentInjuryChanceFactor>0</permanentInjuryChanceFactor>
    <skinCovered>false</skinCovered>
    <alive>false</alive>
    <tags>
      <li>TalkingSource</li>
    </tags>
  </BodyPartDef>

  <BodyPartDef>
    <defName>WindupKidney</defName>
    <label>pnuematic pump</label>
    <hitPoints>15</hitPoints>
    <permanentInjuryChanceFactor>0</permanentInjuryChanceFactor>
    <skinCovered>false</skinCovered>
    <alive>false</alive>
    <bleedRate>0.1</bleedRate>
    <tags>
      <li>BloodFiltrationSource</li>
    </tags>
  </BodyPartDef>

  <BodyPartDef>
    <defName>WindupEye</defName>
    <label>mirrored eye</label>
    <hitPoints>10</hitPoints>
    <frostbiteVulnerability>2</frostbiteVulnerability>
    <permanentInjuryChanceFactor>0</permanentInjuryChanceFactor>
    <skinCovered>false</skinCovered>
    <solid>true</solid>
    <alive>false</alive>
    <socketed>true</socketed>
    <bleedRate>0</bleedRate>
    <tags>
      <li>SightSource</li>
    </tags>
  </BodyPartDef>

  <BodyPartDef>
    <defName>WindupEar</defName>
    <label>sculpted ear</label>
    <hitPoints>10</hitPoints>
    <frostbiteVulnerability>2</frostbiteVulnerability>
    <permanentInjuryChanceFactor>0</permanentInjuryChanceFactor>
    <skinCovered>false</skinCovered>
    <solid>true</solid>
    <alive>false</alive>
    <bleedRate>0</bleedRate>
    <tags>
      <li>HearingSource</li>
    </tags>
  </BodyPartDef>

  <BodyPartDef>
    <defName>WindupNose</defName>
    <label>sculpted nose</label>
    <hitPoints>10</hitPoints>
    <frostbiteVulnerability>2</frostbiteVulnerability>
    <permanentInjuryChanceFactor>0</permanentInjuryChanceFactor>
    <skinCovered>false</skinCovered>
    <solid>true</solid>
    <alive>false</alive>
    <bleedRate>0</bleedRate>
  </BodyPartDef>

  <BodyPartDef>
    <defName>WindupShoulder</defName>
    <label>shoulder</label>
    <hitPoints>25</hitPoints>
    <permanentInjuryChanceFactor>0</permanentInjuryChanceFactor>
    <skinCovered>false</skinCovered>
    <solid>true</solid>
    <alive>false</alive>
    <bleedRate>0</bleedRate>
    <tags>
      <li>ManipulationLimbSegment</li>
    </tags>
  </BodyPartDef>

  <BodyPartDef>
    <defName>WindupArm</defName>
    <label>arm</label>
    <hitPoints>30</hitPoints>
    <permanentInjuryChanceFactor>0</permanentInjuryChanceFactor>
    <skinCovered>false</skinCovered>
    <solid>true</solid>
    <alive>false</alive>
    <bleedRate>0</bleedRate>
    <tags>
      <li>ManipulationLimbCore</li>
    </tags>
  </BodyPartDef>

  <BodyPartDef>
    <defName>WindupHand</defName>
    <label>hand</label>
    <hitPoints>20</hitPoints>
    <permanentInjuryChanceFactor>0</permanentInjuryChanceFactor>
    <skinCovered>false</skinCovered>
    <solid>true</solid>
    <alive>false</alive>
    <bleedRate>0</bleedRate>
    <tags>
      <li>ManipulationLimbSegment</li>
    </tags>
  </BodyPartDef>

  <BodyPartDef>
    <defName>WindupFinger</defName>
    <label>finger</label>
    <hitPoints>7</hitPoints>
    <frostbiteVulnerability>10</frostbiteVulnerability>
    <permanentInjuryChanceFactor>0</permanentInjuryChanceFactor>
    <skinCovered>false</skinCovered>
    <solid>true</solid>
    <alive>false</alive>
    <bleedRate>0</bleedRate>
    <pawnGeneratorCanAmputate>true</pawnGeneratorCanAmputate>
    <tags>
      <li>ManipulationLimbDigit</li>
    </tags>
  </BodyPartDef>

  <BodyPartDef>
    <defName>WindupLeg</defName>
    <label>leg</label>
    <hitPoints>30</hitPoints>
    <permanentInjuryChanceFactor>0</permanentInjuryChanceFactor>
    <skinCovered>false</skinCovered>
    <solid>true</solid>
    <alive>false</alive>
    <bleedRate>0</bleedRate>
    <tags>
      <li>MovingLimbCore</li>
    </tags>
  </BodyPartDef>

  <BodyPartDef>
    <defName>WindupFoot</defName>
    <label>foot</label>
    <hitPoints>20</hitPoints>
    <frostbiteVulnerability>2</frostbiteVulnerability>
    <permanentInjuryChanceFactor>0</permanentInjuryChanceFactor>
    <skinCovered>false</skinCovered>
    <solid>true</solid>
    <alive>false</alive>
    <bleedRate>0</bleedRate>
    <tags>
      <li>MovingLimbSegment</li>
    </tags>
  </BodyPartDef>

  <BodyPartDef>
    <defName>WindupTorso</defName>
    <label>torso</label>
    <hitPoints>40</hitPoints>
    <permanentInjuryChanceFactor>0</permanentInjuryChanceFactor>
    <skinCovered>false</skinCovered>
    <solid>true</solid>
    <alive>false</alive>
    <bleedRate>0</bleedRate>
  </BodyPartDef>

</Defs>
