<?xml version="1.0" encoding="utf-8" ?>
<Defs>

  <ThingDef ParentName="BenchBase">
    <defName>TableSteam</defName>
    <label>steam-forge</label>
    <description>A large work station for assembling gears, springs, lenses, and other components for mechanical devices.</description>
    <thingClass>Building_WorkTable</thingClass>
    <graphicData>
      <texPath>Things/Building/TableSteam</texPath>
      <graphicClass>Graphic_Multi</graphicClass>
      <drawSize>(4.0,2.0)</drawSize>
      <damageData>
        <cornerTL>Damage/Corner</cornerTL>
        <cornerTR>Damage/Corner</cornerTR>
        <cornerBL>Damage/Corner</cornerBL>
        <cornerBR>Damage/Corner</cornerBR>
      </damageData>
    </graphicData>
    <castEdgeShadows>true</castEdgeShadows>
    <staticSunShadowHeight>0.20</staticSunShadowHeight>
    <costList>
      <Steel>100</Steel>
	  <CaS_Bronze>50</CaS_Bronze>
	  <RivetedLeather>20</RivetedLeather>
	  <BrassGears>3</BrassGears>
	  <SteelSpring>2</SteelSpring>
    </costList>
    <altitudeLayer>Building</altitudeLayer>
    <fillPercent>0.5</fillPercent>
    <useHitPoints>True</useHitPoints>
    <statBases>
      <WorkToBuild>8000</WorkToBuild>
      <MaxHitPoints>300</MaxHitPoints>
      <Flammability>5.0</Flammability>
	  <WorkTableWorkSpeedFactor>3</WorkTableWorkSpeedFactor>
      <Cleanliness>-5</Cleanliness>
    </statBases>
    <size>(3,1)</size>
    <designationCategory>Production</designationCategory>
    <passability>PassThroughOnly</passability>
    <pathCost>70</pathCost>
    <hasInteractionCell>True</hasInteractionCell>
    <interactionCellOffset>(0,0,-1)</interactionCellOffset>
    <surfaceType>Item</surfaceType>
    <constructionSkillPrerequisite>6</constructionSkillPrerequisite>
    <recipes>
	  <li>CutGears</li>
	  <li>CraftSpring</li>
	  <li>CutSapphireLens</li>
	  <li>CutRubyLens</li>
	  <li>CraftNeuralApparatus</li>
	  <li>RivetLeather</li>
    </recipes>
    <inspectorTabs>
      <li>ITab_Bills</li>
    </inspectorTabs>
	<comps>
      <li Class="CompProperties_Power">
        <compClass>CompPowerTrader</compClass>
        <shortCircuitInRain>false</shortCircuitInRain>
        <basePowerConsumption>300</basePowerConsumption>
      </li>
      <li Class="CompProperties_Flickable"/>
      <li Class="CompProperties_AffectedByFacilities">
        <linkableFacilities>
          <li>ToolCabinet</li>
        </linkableFacilities>
      </li>
      <li Class="CompProperties_Breakdownable"/>
	  <li Class="CompProperties_Glower">
        <glowRadius>3</glowRadius>
        <glowColor>(217,112,33,0)</glowColor>
      </li>
      <li Class="CompProperties_HeatPusher">
        <compClass>CompHeatPusherPowered</compClass>
        <heatPerSecond>1</heatPerSecond>
      </li>
    </comps>
    <building>
      <spawnedConceptLearnOpportunity>BillsTab</spawnedConceptLearnOpportunity>
	  <unpoweredWorkTableWorkSpeedFactor>1</unpoweredWorkTableWorkSpeedFactor>
    </building>
    <constructEffect>ConstructMetal</constructEffect>
    <researchPrerequisites>
      <li>SteamPower</li>
    </researchPrerequisites>
    <placeWorkers>
      <li>PlaceWorker_ShowFacilitiesConnections</li>
    </placeWorkers>
  </ThingDef>

</Defs>