<?xml version="1.0" encoding="utf-8" ?>
<Defs>
  <ThingDef ParentName="BuildingBase">
    <defName>SteamPipe</defName>
    <label>steam pipe</label>
    <description>A reinforced copper pipe used to carry steam pressure from location to location. Can be placed under walls and other buildings.</description>
    <thingClass>Building</thingClass>
    <category>Building</category>
    <graphicData>
      <texPath>Things/Building/SteamPipe_Atlas</texPath>
      <graphicClass>Graphic_Single</graphicClass>
	  <drawSize>0.85</drawSize>
      <linkType>Transmitter</linkType>
      <linkFlags>
        <li>PowerConduit</li>
      </linkFlags>
      <damageData>
        <rect>(0,0.35,1,0.3)</rect>
      </damageData>
    </graphicData>
    <uiIconPath>Things/Building/SteamPipe_MenuIcon</uiIconPath>
    <uiIconScale>0.8</uiIconScale>
    <building>
			<ai_chillDestination>false</ai_chillDestination>
			<isInert>true</isInert>
      <isEdifice>false</isEdifice>
      <blueprintGraphicData>
        <texPath>Things/Building/Linked/PowerConduit_Blueprint_Atlas</texPath>
      </blueprintGraphicData>
    </building>
    <altitudeLayer>FloorEmplacement</altitudeLayer>
    <passability>Standable</passability>
    <leaveResourcesWhenKilled>false</leaveResourcesWhenKilled>
    <statBases>
      <MaxHitPoints>80</MaxHitPoints>
      <WorkToBuild>100</WorkToBuild>
      <Flammability>0.7</Flammability>
      <Beauty>-2</Beauty>
    </statBases>
    <placingDraggableDimensions>1</placingDraggableDimensions>
    <costList>
      <CaS_Copper>5</CaS_Copper>
	  <Steel>2</Steel>
    </costList>
    <comps>
      <li Class="CompProperties_Power">
        <compClass>CompPowerTransmitter</compClass>
        <transmitsPower>true</transmitsPower>
      </li>
    </comps>
    <placeWorkers>
      <li>PlaceWorker_Conduit</li>
    </placeWorkers>
    <rotatable>false</rotatable>
    <selectable>true</selectable>
    <neverMultiSelect>true</neverMultiSelect>
    <soundImpactDefault>BulletImpact_Metal</soundImpactDefault>
    <terrainAffordanceNeeded>Light</terrainAffordanceNeeded>
    <designationCategory>Power</designationCategory>
    <constructEffect>ConstructMetal</constructEffect>
    <clearBuildingArea>false</clearBuildingArea>
    <researchPrerequisites>
      <li>SteamPower</li>
    </researchPrerequisites>
  </ThingDef>
  
  <ThingDef ParentName="BuildingBase">
    <defName>SteamCollector</defName>
    <label>steam collector</label>
    <description>A specialised device used to capture steam and channel it into the network.</description>
    <thingClass>Building</thingClass>
    <graphicData>
      <texPath>Things/Building/SteamCollector</texPath>
      <graphicClass>Graphic_Single</graphicClass>
      <drawSize>(2,2)</drawSize>
      <shadowData>
        <volume>(1.93,1,1.69)</volume>
        <offset>(-0.03,0,-0.1)</offset>
      </shadowData>
    </graphicData>
    <altitudeLayer>Building</altitudeLayer>
    <passability>Impassable</passability>
    <blockWind>true</blockWind>
		<scatterableOnMapGen>false</scatterableOnMapGen>
		<fillPercent>1</fillPercent>
    <blockLight>true</blockLight>
    <canOverlapZones>false</canOverlapZones>
    <statBases>
      <MaxHitPoints>500</MaxHitPoints>
      <WorkToBuild>12000</WorkToBuild>
      <Flammability>0.5</Flammability>
      <Beauty>-30</Beauty>
    </statBases>
    <tickerType>Normal</tickerType>
    <size>(2,2)</size>
    <costList>
      <Steel>100</Steel>
	  <CaS_Copper>100</CaS_Copper>
      <BrassGears>5</BrassGears>
	  <RivetedLeather>10</RivetedLeather>
    </costList>
    <comps>
      <li Class="CompProperties_Power">
        <compClass>CompPowerPlantSteam</compClass>
        <basePowerConsumption>-2000</basePowerConsumption>
        <transmitsPower>true</transmitsPower>
      </li>
      <li Class="CompProperties_Breakdownable"/>
    </comps>
    <rotatable>false</rotatable>
    <terrainAffordanceNeeded>Heavy</terrainAffordanceNeeded>
    <designationCategory>Power</designationCategory>
    <placeWorkers>
      <li>PlaceWorker_OnSteamGeyser</li>
    </placeWorkers>
    <building>
			<ai_chillDestination>false</ai_chillDestination>
			<soundAmbient>GeothermalPlant_Ambience</soundAmbient>
    </building>
    <constructEffect>ConstructMetal</constructEffect>
    <researchPrerequisites><li>SteamPower</li></researchPrerequisites>
    <constructionSkillPrerequisite>6</constructionSkillPrerequisite>
  </ThingDef>
  
  
  <ThingDef ParentName="BuildingBase">
    <defName>SteamBoiler</defName>
    <label>steam boiler</label>
    <description>A large machine used to boil water into steam.</description>
    <thingClass>Building</thingClass>
    <graphicData>
      <texPath>Things/Building/SteamBoiler</texPath>
      <graphicClass>Graphic_Single</graphicClass>
      <drawSize>(2,2)</drawSize>
      <shadowData>
        <volume>(1.93,1,1.69)</volume>
        <offset>(-0.03,0,-0.1)</offset>
      </shadowData>
    </graphicData>
    <altitudeLayer>Building</altitudeLayer>
    <passability>Impassable</passability>
    <blockWind>true</blockWind>
		<scatterableOnMapGen>false</scatterableOnMapGen>
		<fillPercent>1</fillPercent>
    <blockLight>true</blockLight>
    <canOverlapZones>false</canOverlapZones>
    <statBases>
      <MaxHitPoints>500</MaxHitPoints>
      <WorkToBuild>12000</WorkToBuild>
      <Flammability>0.5</Flammability>
      <Beauty>-30</Beauty>
    </statBases>
    <tickerType>Normal</tickerType>
    <size>(2,2)</size>
    <costList>
      <Steel>100</Steel>
	  <CaS_Copper>50</CaS_Copper>
      <BrassGears>1</BrassGears>
	  <RivetedLeather>5</RivetedLeather>
    </costList>
    <comps>
      <li Class="CompProperties_Power">
        <compClass>CompPowerPlant</compClass>
        <basePowerConsumption>-1200</basePowerConsumption>
        <transmitsPower>true</transmitsPower>
      </li>
      <li Class="CompProperties_Flickable" />
      <li Class="CompProperties_Refuelable">
        <fuelConsumptionRate>5.0</fuelConsumptionRate>
        <fuelCapacity>100</fuelCapacity>
        <fuelFilter>
          <thingDefs>
            <li>CaS_Coal</li>
          </thingDefs>
        </fuelFilter>
      </li>
      <li Class="CompProperties_Glower">
        <glowRadius>6</glowRadius>
        <glowColor>(217,112,33,0)</glowColor>
      </li>
      <li Class="CompProperties_HeatPusher">
        <compClass>CompHeatPusherPowered</compClass>
        <heatPerSecond>6</heatPerSecond>
      </li>
      <li Class="CompProperties_Breakdownable"/>
    </comps>
    <rotatable>false</rotatable>
    <terrainAffordanceNeeded>Heavy</terrainAffordanceNeeded>
    <designationCategory>Power</designationCategory>
    <building>
			<ai_chillDestination>false</ai_chillDestination>
			<soundAmbient>GeothermalPlant_Ambience</soundAmbient>
    </building>
    <constructEffect>ConstructMetal</constructEffect>
    <researchPrerequisites><li>SteamPower</li></researchPrerequisites>
    <constructionSkillPrerequisite>6</constructionSkillPrerequisite>
  </ThingDef>
</Defs>