﻿<?xml version="1.0" encoding="utf-8" ?>
<Defs>

  <HediffDef ParentName="ClockworkBodyPartBase">
    <defName>ChimeSecretor</defName>
    <label>chime secretor</label>
    <labelNoun>a chime secretor</labelNoun>
    <description>A specialized apparatus that filters the blood and stops brazen rot. Thanks to its alchemical properties, it functions just as well as a normal liver.</description>
    <defaultLabelColor>(250,215,120)</defaultLabelColor>
    <spawnThingOnRemoved>ChimeSecretor</spawnThingOnRemoved>
    <addedPartProps>
      <solid>true</solid>
    </addedPartProps>
  </HediffDef>

  <ThingDef ParentName="BodyPartClockworkBase">
    <defName>ChimeSecretor</defName>
    <label>chime secretor</label>
    <description>A specialized apparatus that filters the blood and stops brazen rot. Thanks to its alchemical properties, it functions just as well as a normal liver.</description>
    <techLevel>Medieval</techLevel>
    <recipeMaker>
      <researchPrerequisite>ChimeSecretor</researchPrerequisite>
      <recipeUsers Inherit="False">
        <li>TableClockwork</li>
        <li>TableSteam</li>
      </recipeUsers>
    </recipeMaker>
    <costList>
      <HepaticApparatus>1</HepaticApparatus>
      <ChimeTonic>4</ChimeTonic>
      <MedicineEarlyIndustrial>5</MedicineEarlyIndustrial>
    </costList>
    <statBases>
      <WorkToMake>26000</WorkToMake>
      <Mass>2</Mass>
    </statBases>
    <techHediffsTags>
      <li>Advanced</li>
    </techHediffsTags>
  </ThingDef>

  <RecipeDef ParentName="SurgeryFlesh">
    <defName>InstallChimeSecretor</defName>
    <label>install chime secretor</label>
    <description>Install a chime secretor.</description>
    <workerClass>Recipe_InstallArtificialBodyPart</workerClass>
    <jobString>Installing chime secretor.</jobString>
    <workAmount>2000</workAmount>
    <deathOnFailedSurgeryChance>0.05</deathOnFailedSurgeryChance>
    <recipeUsers>
      <li>Human</li>
    </recipeUsers>
    <skillRequirements>
      <Medicine>7</Medicine>
    </skillRequirements>
    <ingredients>
      <li>
        <filter>
          <categories>
            <li>Medicine</li>
          </categories>
        </filter>
        <count>2</count>
      </li>
      <li>
        <filter>
          <thingDefs>
            <li>ChimeSecretor</li>
          </thingDefs>
        </filter>
        <count>1</count>
      </li>
    </ingredients>
    <fixedIngredientFilter>
      <categories>
        <li>Medicine</li>
      </categories>
      <thingDefs>
        <li>ChimeSecretor</li>
      </thingDefs>
    </fixedIngredientFilter>
    <appliedOnFixedBodyParts>
      <li>Liver</li>
    </appliedOnFixedBodyParts>
    <addsHediff>ChimeSecretor</addsHediff>
  </RecipeDef>

</Defs>